query,subject,identity,align_len,mismatch,gap,qstart,qend,sstart,send,evalue,bitscore
top_siRNA,XM_044748560.2,100.0,23,0,0,5,27,2253,2231,0.9,46.1
top_siRNA,OZ201022.1,100.0,23,0,0,5,27,33838034,33838012,0.9,46.1
top_siRNA,OZ201022.1,100.0,22,0,0,5,26,33585875,33585854,3.6,44.1
top_siRNA,OZ201022.1,95.455,22,1,0,15,36,2689393,2689414,871.0,36.2
top_siRNA,AP015034.1,100.0,23,0,0,3,25,4869352,4869330,0.9,46.1
top_siRNA,OX393537.1,100.0,23,0,0,15,37,2500554,2500532,0.9,46.1
top_siRNA,OX384531.1,100.0,23,0,0,4,26,18462732,18462710,0.9,46.1
top_siRNA,XM_011308667.1,100.0,23,0,0,14,36,2820,2798,0.9,46.1
top_siRNA,XM_011308666.1,100.0,23,0,0,14,36,3168,3146,0.9,46.1
top_siRNA,XM_011308665.1,100.0,23,0,0,14,36,2763,2741,0.9,46.1
top_siRNA,XM_011308663.1,100.0,23,0,0,14,36,3130,3108,0.9,46.1
top_siRNA,XM_011308662.1,100.0,23,0,0,14,36,2908,2886,0.9,46.1
top_siRNA,XM_011308661.1,100.0,23,0,0,14,36,3218,3196,0.9,46.1
top_siRNA,OW443379.1,100.0,23,0,0,13,35,48460960,48460938,0.9,46.1
top_siRNA,OZ413832.1,100.0,23,0,0,15,37,2378667,2378645,0.9,46.1
top_siRNA,OZ412286.1,100.0,23,0,0,15,37,2688132,2688110,0.9,46.1
top_siRNA,CP144700.1,100.0,23,0,0,3,25,64443961,64443983,0.9,46.1
top_siRNA,OY979754.1,100.0,23,0,0,7,29,4738600,4738622,0.9,46.1
top_siRNA,OY284440.1,96.296,27,1,0,5,31,28998826,28998852,0.9,46.1
top_siRNA,OY284440.1,100.0,18,0,0,11,28,31594662,31594645,871.0,36.2
top_siRNA,OZ464515.1,100.0,23,0,0,15,37,23124342,23124364,0.9,46.1
top_siRNA,OZ463195.1,100.0,23,0,0,5,27,33683755,33683777,0.9,46.1
top_siRNA,OZ463195.1,95.455,22,1,0,6,27,36687054,36687075,871.0,36.2
top_siRNA,OZ235169.2,100.0,23,0,0,15,37,23234487,23234509,0.9,46.1
top_siRNA,OZ235205.2,100.0,23,0,0,15,37,23999742,23999764,0.9,46.1
top_siRNA,OZ387649.1,100.0,23,0,0,14,36,1421353,1421375,0.9,46.1
top_siRNA,OZ387649.1,100.0,19,0,0,18,36,1943458,1943476,220.0,38.2
top_siRNA,OZ376163.1,100.0,23,0,0,15,37,23623547,23623569,0.9,46.1
top_siRNA,OZ374977.1,100.0,23,0,0,8,30,62360963,62360985,0.9,46.1
top_siRNA,OZ374977.1,100.0,18,0,0,5,22,12840410,12840393,871.0,36.2
top_siRNA,OZ346677.1,100.0,22,0,0,2,23,20109935,20109914,3.6,44.1
top_siRNA,OZ346677.1,100.0,18,0,0,22,39,20109918,20109935,871.0,36.2
top_siRNA,CP143073.1,100.0,22,0,0,21,42,29758073,29758052,3.6,44.1
top_siRNA,CP143073.1,100.0,19,0,0,1,19,29758054,29758072,220.0,38.2
top_siRNA,OZ277808.1,96.154,26,1,0,1,26,7069619,7069594,3.6,44.1
top_siRNA,OZ277808.1,100.0,18,0,0,24,41,7069603,7069620,871.0,36.2
top_siRNA,OZ071098.2,100.0,22,0,0,15,36,59272641,59272620,3.6,44.1
top_siRNA,OZ071098.2,100.0,18,0,0,16,33,77645488,77645505,871.0,36.2
top_siRNA,OZ224458.1,91.176,34,3,0,1,34,23774409,23774376,3.6,44.1
top_siRNA,OZ224458.1,88.235,34,4,0,7,40,23774376,23774409,871.0,36.2
top_siRNA,OZ212056.1,100.0,22,0,0,11,32,71184138,71184117,3.6,44.1
top_siRNA,OZ173178.1,96.154,26,1,0,2,27,5033573,5033548,3.6,44.1
top_siRNA,OZ125624.1,96.154,26,1,0,10,35,33761339,33761314,3.6,44.1
top_siRNA,OZ125624.1,95.652,23,1,0,13,35,33762778,33762756,220.0,38.2
top_siRNA,OZ125624.1,95.455,22,1,0,14,35,33762054,33762033,871.0,36.2
top_siRNA,OZ125624.1,100.0,18,0,0,11,28,33305759,33305776,871.0,36.2
top_siRNA,OZ060557.1,100.0,22,0,0,21,42,786557,786536,3.6,44.1
top_siRNA,OZ060557.1,100.0,19,0,0,1,19,786538,786556,220.0,38.2
top_siRNA,OZ060557.1,100.0,18,0,0,15,32,37117364,37117381,871.0,36.2
top_siRNA,OZ038320.1,100.0,22,0,0,15,36,22443680,22443659,3.6,44.1
top_siRNA,OZ008342.1,96.154,26,1,0,11,36,17270773,17270748,3.6,44.1
top_siRNA,OZ008342.1,100.0,19,0,0,24,42,2205546,2205564,220.0,38.2
top_siRNA,OY725346.1,100.0,22,0,0,5,26,7330456,7330435,3.6,44.1
top_siRNA,OY282514.1,100.0,22,0,0,15,36,72433571,72433550,3.6,44.1
top_siRNA,OY282514.1,95.652,23,1,0,12,34,61403902,61403924,220.0,38.2
top_siRNA,OY282514.1,100.0,18,0,0,5,22,6781611,6781628,871.0,36.2
top_siRNA,OY282514.1,100.0,18,0,0,20,37,36032149,36032166,871.0,36.2
top_siRNA,OX940982.1,100.0,22,0,0,21,42,23955784,23955763,3.6,44.1
top_siRNA,OX940982.1,100.0,19,0,0,1,19,23955765,23955783,220.0,38.2
top_siRNA,OX621295.1,100.0,22,0,0,6,27,56045746,56045725,3.6,44.1
top_siRNA,OX411881.1,100.0,22,0,0,10,31,52088129,52088108,3.6,44.1
top_siRNA,OW443374.1,100.0,22,0,0,6,27,72075848,72075827,3.6,44.1
top_siRNA,OW443374.1,100.0,18,0,0,25,42,89511200,89511217,871.0,36.2
top_siRNA,OB662466.1,100.0,22,0,0,5,26,1234,1213,3.6,44.1
top_siRNA,OZ464829.1,100.0,22,0,0,18,39,4385387,4385366,3.6,44.1
top_siRNA,OZ464829.1,100.0,18,0,0,2,19,4385366,4385383,871.0,36.2
top_siRNA,OZ418399.1,100.0,22,0,0,17,38,67671337,67671316,3.6,44.1
top_siRNA,OZ413734.1,100.0,22,0,0,1,22,1600708,1600687,3.6,44.1
top_siRNA,OZ413734.1,100.0,19,0,0,22,40,1600690,1600708,220.0,38.2
top_siRNA,OZ319290.1,100.0,22,0,0,5,26,29643828,29643849,3.6,44.1
top_siRNA,OZ313808.1,100.0,22,0,0,14,35,2800230,2800251,3.6,44.1
top_siRNA,OZ306299.1,100.0,22,0,0,7,28,19237916,19237937,3.6,44.1
top_siRNA,OZ306299.1,100.0,22,0,0,7,28,19599381,19599402,3.6,44.1
top_siRNA,OZ306299.1,100.0,22,0,0,7,28,20255786,20255807,3.6,44.1
top_siRNA,OZ306299.1,100.0,22,0,0,7,28,20979410,20979431,3.6,44.1
top_siRNA,OZ306299.1,100.0,22,0,0,7,28,21538280,21538301,3.6,44.1
top_siRNA,OZ306299.1,95.455,22,1,0,7,28,19664393,19664414,871.0,36.2
top_siRNA,OZ306299.1,95.455,22,1,0,7,28,20361534,20361555,871.0,36.2
top_siRNA,OZ306299.1,95.455,22,1,0,7,28,21044413,21044434,871.0,36.2
top_siRNA,OZ306299.1,95.455,22,1,0,7,28,21601639,21601660,871.0,36.2
top_siRNA,OZ306299.1,95.455,22,1,0,7,28,21869959,21869980,871.0,36.2
top_siRNA,OZ286506.1,91.176,34,3,0,4,37,16855529,16855562,3.6,44.1
top_siRNA,OZ281906.1,100.0,22,0,0,8,29,5458213,5458234,3.6,44.1
top_siRNA,OZ281876.1,96.154,26,1,0,13,38,21406752,21406777,3.6,44.1
top_siRNA,OZ281844.1,96.154,26,1,0,13,38,21371921,21371946,3.6,44.1
top_siRNA,OZ223922.1,100.0,22,0,0,12,33,35381545,35381566,3.6,44.1
top_siRNA,OZ223922.1,100.0,18,0,0,19,36,23192883,23192900,871.0,36.2
top_siRNA,OZ223893.1,100.0,22,0,0,12,33,35485802,35485823,3.6,44.1
top_siRNA,OZ223893.1,100.0,18,0,0,19,36,23255832,23255849,871.0,36.2
top_siRNA,OZ223598.1,100.0,22,0,0,12,33,35135838,35135859,3.6,44.1
top_siRNA,OZ223598.1,100.0,18,0,0,19,36,22836658,22836675,871.0,36.2
top_siRNA,OZ223570.1,100.0,22,0,0,12,33,35732032,35732053,3.6,44.1
top_siRNA,OZ223570.1,100.0,18,0,0,19,36,23430315,23430332,871.0,36.2
top_siRNA,OZ223123.1,100.0,22,0,0,12,33,35022135,35022156,3.6,44.1
top_siRNA,OZ223123.1,100.0,18,0,0,19,36,22656061,22656078,871.0,36.2
top_siRNA,OZ222936.1,100.0,22,0,0,12,33,35581295,35581316,3.6,44.1
top_siRNA,OZ222936.1,100.0,18,0,0,19,36,23212577,23212594,871.0,36.2
top_siRNA,OZ222866.1,100.0,22,0,0,12,33,35132700,35132721,3.6,44.1
top_siRNA,OZ222866.1,100.0,18,0,0,19,36,22793594,22793611,871.0,36.2
top_siRNA,OZ222819.1,100.0,22,0,0,12,33,35747427,35747448,3.6,44.1
top_siRNA,OZ222819.1,100.0,18,0,0,19,36,23369591,23369608,871.0,36.2
top_siRNA,XM_070971688.1,96.154,26,1,0,8,33,5777,5802,3.6,44.1
top_siRNA,OZ220774.1,100.0,22,0,0,12,33,34742540,34742561,3.6,44.1
top_siRNA,OZ220774.1,100.0,18,0,0,19,36,22408615,22408632,871.0,36.2
top_siRNA,XM_029305684.1,100.0,22,0,0,11,32,689,710,3.6,44.1
top_siRNA,XM_029305681.1,100.0,22,0,0,11,32,458,479,3.6,44.1
top_siRNA,LS997566.1,96.154,26,1,0,4,29,4989024,4989049,3.6,44.1
top_siRNA,CP149423.1,96.154,26,1,0,4,29,4888341,4888366,3.6,44.1
top_siRNA,CP149423.1,100.0,18,0,0,19,36,40972162,40972145,871.0,36.2
top_siRNA,OZ077819.1,96.154,26,1,0,13,38,26992981,26993006,3.6,44.1
top_siRNA,OZ077819.1,100.0,19,0,0,18,36,20848987,20849005,220.0,38.2
top_siRNA,OZ077780.1,96.154,26,1,0,13,38,27134534,27134559,3.6,44.1
top_siRNA,OZ077780.1,100.0,19,0,0,18,36,20991361,20991379,220.0,38.2
top_siRNA,OZ034804.1,100.0,22,0,0,13,34,4072913,4072934,3.6,44.1
top_siRNA,OZ004773.1,100.0,22,0,0,6,27,18555362,18555383,3.6,44.1
top_siRNA,OZ004773.1,100.0,18,0,0,25,42,998093,998076,871.0,36.2
top_siRNA,OY734055.1,100.0,22,0,0,6,27,18399601,18399622,3.6,44.1
top_siRNA,OY734055.1,100.0,18,0,0,25,42,990576,990559,871.0,36.2
top_siRNA,OX596401.1,100.0,22,0,0,6,27,18650491,18650512,3.6,44.1
top_siRNA,OX596401.1,100.0,18,0,0,25,42,1245619,1245602,871.0,36.2
top_siRNA,OX494459.1,100.0,22,0,0,6,27,2198483,2198504,3.6,44.1
top_siRNA,OX465342.1,100.0,22,0,0,6,27,18579594,18579615,3.6,44.1
top_siRNA,OX465342.1,100.0,18,0,0,25,42,1138582,1138565,871.0,36.2
top_siRNA,OZ452842.1,93.333,30,2,0,8,37,26828389,26828418,3.6,44.1
top_siRNA,EF444973.1,100.0,22,0,0,15,36,107611,107632,3.6,44.1
top_siRNA,AL359697.23,100.0,22,0,0,15,36,124550,124571,3.6,44.1
top_siRNA,OZ364657.1,100.0,21,0,0,17,37,9702213,9702193,14.0,42.1
top_siRNA,OZ336046.1,96.0,25,1,0,4,28,40714410,40714386,14.0,42.1
top_siRNA,OZ336046.1,100.0,18,0,0,10,27,2921727,2921710,871.0,36.2
top_siRNA,OZ336018.1,96.0,25,1,0,4,28,40612757,40612733,14.0,42.1
top_siRNA,OZ336018.1,100.0,18,0,0,10,27,2824822,2824805,871.0,36.2
top_siRNA,OZ319701.1,100.0,21,0,0,5,25,40627013,40626993,14.0,42.1
top_siRNA,XM_033193204.1,100.0,21,0,0,1,21,1104,1084,14.0,42.1
top_siRNA,XM_033193204.1,100.0,21,0,0,22,42,1086,1106,14.0,42.1
top_siRNA,OZ306294.1,100.0,21,0,0,9,29,76365661,76365641,14.0,42.1
top_siRNA,XM_075998795.1,100.0,21,0,0,7,27,5217,5197,14.0,42.1
top_siRNA,XM_032287011.1,100.0,21,0,0,1,21,1736,1716,14.0,42.1
top_siRNA,XM_032287011.1,100.0,19,0,0,22,40,1718,1736,220.0,38.2
top_siRNA,OZ292472.1,96.0,25,1,0,6,30,10210624,10210600,14.0,42.1
top_siRNA,OZ291593.1,100.0,21,0,0,7,27,19152691,19152671,14.0,42.1
top_siRNA,OZ289216.1,100.0,21,0,0,7,27,19581976,19581956,14.0,42.1
top_siRNA,XM_023215966.2,100.0,21,0,0,1,21,408,388,14.0,42.1
top_siRNA,XM_023215966.2,100.0,21,0,0,22,42,390,410,14.0,42.1
top_siRNA,XM_031936042.1,100.0,21,0,0,1,21,471,451,14.0,42.1
top_siRNA,XM_031936042.1,100.0,21,0,0,22,42,453,473,14.0,42.1
top_siRNA,XM_023215964.2,100.0,21,0,0,1,21,600,580,14.0,42.1
top_siRNA,XM_023215964.2,100.0,21,0,0,22,42,582,602,14.0,42.1
top_siRNA,OZ281072.1,100.0,21,0,0,1,21,15860338,15860318,14.0,42.1
top_siRNA,OZ281072.1,100.0,20,0,0,22,41,15860320,15860339,56.0,40.1
top_siRNA,OZ281072.1,100.0,19,0,0,2,20,17018425,17018443,220.0,38.2
top_siRNA,OZ281072.1,100.0,18,0,0,22,39,17018442,17018425,871.0,36.2
top_siRNA,OZ281385.1,100.0,21,0,0,17,37,49699099,49699079,14.0,42.1
top_siRNA,OZ281385.1,92.308,26,2,0,8,33,44862370,44862395,871.0,36.2
top_siRNA,OZ277997.1,100.0,21,0,0,16,36,27048754,27048734,14.0,42.1
top_siRNA,XM_010379716.2,100.0,21,0,0,1,21,602,582,14.0,42.1
top_siRNA,XM_010379716.2,100.0,21,0,0,22,42,584,604,14.0,42.1
top_siRNA,XM_030823089.1,100.0,21,0,0,1,21,355,335,14.0,42.1
top_siRNA,XM_030823089.1,100.0,21,0,0,22,42,337,357,14.0,42.1
top_siRNA,XM_012510219.2,100.0,21,0,0,1,21,471,451,14.0,42.1
top_siRNA,XM_012510219.2,100.0,21,0,0,22,42,453,473,14.0,42.1
top_siRNA,XM_003252642.3,100.0,21,0,0,1,21,561,541,14.0,42.1
top_siRNA,XM_003252642.3,100.0,21,0,0,22,42,543,563,14.0,42.1
top_siRNA,OZ253767.1,100.0,21,0,0,7,27,28256528,28256508,14.0,42.1
top_siRNA,OZ253776.1,100.0,21,0,0,12,32,2503767,2503747,14.0,42.1
top_siRNA,CP126392.1,100.0,21,0,0,21,41,1788920,1788900,14.0,42.1
top_siRNA,CP126392.1,100.0,19,0,0,1,19,1788901,1788919,220.0,38.2
top_siRNA,OZ252590.1,100.0,21,0,0,1,21,71711955,71711935,14.0,42.1
top_siRNA,OZ252590.1,100.0,19,0,0,22,40,71711937,71711955,220.0,38.2
top_siRNA,OZ252529.1,100.0,21,0,0,13,33,29398710,29398690,14.0,42.1
top_siRNA,OZ251589.1,100.0,21,0,0,14,34,15679174,15679154,14.0,42.1
top_siRNA,OZ251073.1,100.0,21,0,0,7,27,29358542,29358522,14.0,42.1
top_siRNA,XM_038004735.2,100.0,21,0,0,1,21,378,358,14.0,42.1
top_siRNA,XM_038004735.2,100.0,21,0,0,22,42,360,380,14.0,42.1
top_siRNA,XM_007981902.3,100.0,21,0,0,1,21,631,611,14.0,42.1
top_siRNA,XM_007981902.3,100.0,21,0,0,22,42,613,633,14.0,42.1
top_siRNA,OX465308.2,100.0,21,0,0,7,27,81760222,81760202,14.0,42.1
top_siRNA,OZ248558.1,100.0,21,0,0,7,27,35116711,35116691,14.0,42.1
top_siRNA,OZ247525.1,100.0,21,0,0,18,38,39485532,39485512,14.0,42.1
top_siRNA,XM_072626734.1,100.0,21,0,0,6,26,412,392,14.0,42.1
top_siRNA,OX596107.2,100.0,21,0,0,7,27,18219604,18219584,14.0,42.1
top_siRNA,OZ239467.1,100.0,21,0,0,14,34,17924326,17924306,14.0,42.1
top_siRNA,OZ239177.1,93.103,29,2,0,8,36,5299757,5299729,14.0,42.1
top_siRNA,OZ237717.1,100.0,21,0,0,15,35,59239529,59239509,14.0,42.1
top_siRNA,OZ237717.1,100.0,18,0,0,20,37,61662286,61662303,871.0,36.2
top_siRNA,OZ231992.1,100.0,21,0,0,5,25,6777500,6777480,14.0,42.1
top_siRNA,NM_001371096.1,100.0,21,0,0,1,21,477,457,14.0,42.1
top_siRNA,NM_001371096.1,100.0,21,0,0,22,42,459,479,14.0,42.1
top_siRNA,OZ222686.1,100.0,21,0,0,4,24,42761654,42761634,14.0,42.1
top_siRNA,OZ222685.1,100.0,21,0,0,4,24,43333038,43333018,14.0,42.1
top_siRNA,XM_011731149.2,100.0,21,0,0,1,21,1081,1061,14.0,42.1
top_siRNA,XM_011731149.2,100.0,21,0,0,22,42,1063,1083,14.0,42.1
top_siRNA,XM_011731148.3,100.0,21,0,0,1,21,1051,1031,14.0,42.1
top_siRNA,XM_011731148.3,100.0,21,0,0,22,42,1033,1053,14.0,42.1
top_siRNA,XM_011731147.3,100.0,21,0,0,1,21,1089,1069,14.0,42.1
top_siRNA,XM_011731147.3,100.0,21,0,0,22,42,1071,1091,14.0,42.1
top_siRNA,OZ221618.1,100.0,21,0,0,18,38,21105963,21105943,14.0,42.1
top_siRNA,OZ220600.1,100.0,21,0,0,6,26,29155085,29155065,14.0,42.1
top_siRNA,NM_001318095.2,100.0,21,0,0,1,21,355,335,14.0,42.1
top_siRNA,NM_001318095.2,100.0,21,0,0,22,42,337,357,14.0,42.1
top_siRNA,CP126418.1,100.0,21,0,0,21,41,1868030,1868010,14.0,42.1
top_siRNA,CP126418.1,100.0,19,0,0,1,19,1868011,1868029,220.0,38.2
top_siRNA,CP126403.1,100.0,21,0,0,21,41,1800541,1800521,14.0,42.1
top_siRNA,CP126403.1,100.0,19,0,0,1,19,1800522,1800540,220.0,38.2
top_siRNA,OZ211689.1,96.0,25,1,0,12,36,8099799,8099775,14.0,42.1
top_siRNA,OZ211689.1,100.0,21,0,0,3,23,26598095,26598075,14.0,42.1
top_siRNA,OZ211689.1,100.0,18,0,0,23,40,29865063,29865046,871.0,36.2
top_siRNA,OZ211689.1,100.0,18,0,0,1,18,29888772,29888755,871.0,36.2
top_siRNA,OZ211689.1,100.0,18,0,0,1,18,29865046,29865063,871.0,36.2
top_siRNA,OZ211689.1,100.0,18,0,0,23,40,29888755,29888772,871.0,36.2
top_siRNA,OZ207200.1,100.0,21,0,0,16,36,10033631,10033611,14.0,42.1
top_siRNA,LR131965.1,100.0,21,0,0,5,25,20663693,20663673,14.0,42.1
top_siRNA,LR131965.1,100.0,18,0,0,20,37,7373110,7373093,871.0,36.2
top_siRNA,NM_000600.5,100.0,21,0,0,1,21,546,526,14.0,42.1
top_siRNA,NM_000600.5,100.0,21,0,0,22,42,528,548,14.0,42.1
top_siRNA,NM_001173536.3,100.0,21,0,0,1,21,524,504,14.0,42.1
top_siRNA,NM_001173536.3,100.0,21,0,0,22,42,506,526,14.0,42.1
top_siRNA,XM_069071775.1,100.0,21,0,0,6,26,265,245,14.0,42.1
top_siRNA,OZ187083.1,100.0,21,0,0,7,27,24197621,24197601,14.0,42.1
top_siRNA,CP027279.1,100.0,21,0,0,14,34,11167549,11167529,14.0,42.1
top_siRNA,CP027279.1,95.455,22,1,0,17,38,772263,772284,871.0,36.2
top_siRNA,OZ174351.1,100.0,21,0,0,19,39,17195058,17195038,14.0,42.1
top_siRNA,OZ174351.1,100.0,18,0,0,2,19,17195038,17195055,871.0,36.2
top_siRNA,XM_025381051.1,100.0,21,0,0,1,21,413,393,14.0,42.1
top_siRNA,XM_025381051.1,100.0,21,0,0,22,42,395,415,14.0,42.1
top_siRNA,XM_025381050.1,100.0,21,0,0,1,21,465,445,14.0,42.1
top_siRNA,XM_025381050.1,100.0,21,0,0,22,42,447,467,14.0,42.1
top_siRNA,XM_025381049.1,100.0,21,0,0,1,21,604,584,14.0,42.1
top_siRNA,XM_025381049.1,100.0,21,0,0,22,42,586,606,14.0,42.1
top_siRNA,XM_025381048.1,100.0,21,0,0,1,21,702,682,14.0,42.1
top_siRNA,XM_025381048.1,100.0,21,0,0,22,42,684,704,14.0,42.1
top_siRNA,OZ172654.1,100.0,21,0,0,19,39,373212,373192,14.0,42.1
top_siRNA,OZ172654.1,100.0,21,0,0,19,39,427538,427518,14.0,42.1
top_siRNA,OZ172654.1,100.0,21,0,0,19,39,805667,805647,14.0,42.1
top_siRNA,OZ172654.1,100.0,21,0,0,19,39,899597,899577,14.0,42.1
top_siRNA,OZ172654.1,100.0,21,0,0,19,39,5572785,5572765,14.0,42.1
top_siRNA,OZ172654.1,100.0,21,0,0,19,39,658941,658961,14.0,42.1
top_siRNA,OZ172654.1,100.0,18,0,0,2,19,658961,658944,871.0,36.2
top_siRNA,OZ172654.1,100.0,18,0,0,2,19,373192,373209,871.0,36.2
top_siRNA,OZ172654.1,100.0,18,0,0,2,19,427518,427535,871.0,36.2
top_siRNA,OZ172654.1,100.0,18,0,0,2,19,805647,805664,871.0,36.2
top_siRNA,OZ172654.1,100.0,18,0,0,2,19,899577,899594,871.0,36.2
top_siRNA,OZ172654.1,100.0,18,0,0,2,19,5572765,5572782,871.0,36.2
top_siRNA,CP162692.1,100.0,21,0,0,9,29,22468972,22468952,14.0,42.1
top_siRNA,CP162692.1,100.0,18,0,0,6,23,79178636,79178619,871.0,36.2
top_siRNA,CP162692.1,100.0,18,0,0,6,23,16547576,16547593,871.0,36.2
top_siRNA,OZ156449.1,100.0,21,0,0,2,22,12949222,12949202,14.0,42.1
top_siRNA,OZ156449.1,100.0,18,0,0,22,39,12949205,12949222,871.0,36.2
top_siRNA,CP162722.1,100.0,21,0,0,9,29,21595392,21595372,14.0,42.1
top_siRNA,CP162722.1,100.0,18,0,0,6,23,78288309,78288292,871.0,36.2
top_siRNA,CP162722.1,100.0,18,0,0,6,23,15674322,15674339,871.0,36.2
top_siRNA,CP162288.1,100.0,21,0,0,9,29,14542080,14542060,14.0,42.1
top_siRNA,CP162288.1,100.0,18,0,0,6,23,8619155,8619172,871.0,36.2
top_siRNA,CP162352.1,100.0,21,0,0,9,29,15875322,15875302,14.0,42.1
top_siRNA,CP162352.1,100.0,18,0,0,6,23,9959301,9959318,871.0,36.2
top_siRNA,CP155501.1,100.0,21,0,0,9,29,20001218,20001198,14.0,42.1
top_siRNA,CP155501.1,100.0,18,0,0,6,23,76681104,76681087,871.0,36.2
top_siRNA,CP155501.1,100.0,18,0,0,6,23,14077518,14077535,871.0,36.2
top_siRNA,CP162228.1,100.0,21,0,0,9,29,22496774,22496754,14.0,42.1
top_siRNA,CP162228.1,100.0,18,0,0,6,23,79199570,79199553,871.0,36.2
top_siRNA,CP162228.1,100.0,18,0,0,6,23,16574869,16574886,871.0,36.2
top_siRNA,CP162255.1,100.0,21,0,0,9,29,15819111,15819091,14.0,42.1
top_siRNA,CP162255.1,100.0,18,0,0,6,23,9901852,9901869,871.0,36.2
top_siRNA,CP161017.1,100.0,21,0,0,20,40,104007,103987,14.0,42.1
top_siRNA,CP161017.1,100.0,19,0,0,1,19,103987,104005,220.0,38.2
top_siRNA,CP160066.1,100.0,21,0,0,20,40,103545,103525,14.0,42.1
top_siRNA,CP160066.1,100.0,19,0,0,1,19,103525,103543,220.0,38.2
top_siRNA,XM_023215963.1,100.0,21,0,0,1,21,645,625,14.0,42.1
top_siRNA,XM_023215963.1,100.0,21,0,0,22,42,627,647,14.0,42.1
top_siRNA,OY737844.1,96.0,25,1,0,15,39,75252455,75252431,14.0,42.1
top_siRNA,OY737844.1,100.0,18,0,0,2,19,75252431,75252448,871.0,36.2
top_siRNA,OY737843.1,96.0,25,1,0,15,39,63725721,63725697,14.0,42.1
top_siRNA,OY737843.1,100.0,18,0,0,2,19,63725697,63725714,871.0,36.2
top_siRNA,OY737730.1,96.0,25,1,0,15,39,75499003,75498979,14.0,42.1
top_siRNA,OY737730.1,100.0,18,0,0,2,19,75498979,75498996,871.0,36.2
top_siRNA,OY737729.1,96.0,25,1,0,15,39,62991221,62991197,14.0,42.1
top_siRNA,OY737729.1,100.0,18,0,0,2,19,62991197,62991214,871.0,36.2
top_siRNA,OY737768.1,96.0,25,1,0,15,39,75322239,75322215,14.0,42.1
top_siRNA,OY737768.1,100.0,18,0,0,2,19,75322215,75322232,871.0,36.2
top_siRNA,OY737767.1,96.0,25,1,0,15,39,59162921,59162897,14.0,42.1
top_siRNA,OY737767.1,100.0,18,0,0,2,19,59162897,59162914,871.0,36.2
top_siRNA,OY737749.1,96.0,25,1,0,15,39,75494589,75494565,14.0,42.1
top_siRNA,OY737749.1,100.0,18,0,0,2,19,75494565,75494582,871.0,36.2
top_siRNA,OY737748.1,96.0,25,1,0,15,39,62852325,62852301,14.0,42.1
top_siRNA,OY737748.1,100.0,18,0,0,2,19,62852301,62852318,871.0,36.2
top_siRNA,OY737806.1,96.0,25,1,0,15,39,75173099,75173075,14.0,42.1
top_siRNA,OY737806.1,100.0,18,0,0,2,19,75173075,75173092,871.0,36.2
top_siRNA,OY737805.1,96.0,25,1,0,15,39,60601581,60601557,14.0,42.1
top_siRNA,OY737805.1,100.0,18,0,0,2,19,60601557,60601574,871.0,36.2
top_siRNA,OY737825.1,96.0,25,1,0,15,39,74949987,74949963,14.0,42.1
top_siRNA,OY737825.1,100.0,18,0,0,2,19,74949963,74949980,871.0,36.2
top_siRNA,OY737824.1,96.0,25,1,0,15,39,64016734,64016710,14.0,42.1
top_siRNA,OY737824.1,100.0,18,0,0,2,19,64016710,64016727,871.0,36.2
top_siRNA,OY737787.1,96.0,25,1,0,15,39,74952778,74952754,14.0,42.1
top_siRNA,OY737787.1,100.0,18,0,0,2,19,74952754,74952771,871.0,36.2
top_siRNA,OY737786.1,96.0,25,1,0,15,39,62898796,62898772,14.0,42.1
top_siRNA,OY737786.1,100.0,18,0,0,2,19,62898772,62898789,871.0,36.2
top_siRNA,OY737711.1,96.0,25,1,0,15,39,75689581,75689557,14.0,42.1
top_siRNA,OY737711.1,100.0,18,0,0,2,19,75689557,75689574,871.0,36.2
top_siRNA,OY737710.1,96.0,25,1,0,15,39,63046265,63046241,14.0,42.1
top_siRNA,OY737710.1,100.0,18,0,0,2,19,63046241,63046258,871.0,36.2
top_siRNA,OZ077434.1,100.0,21,0,0,7,27,29328836,29328816,14.0,42.1
top_siRNA,OZ037941.1,100.0,21,0,0,4,24,48663572,48663552,14.0,42.1
top_siRNA,XM_064380548.1,100.0,21,0,0,1,21,1455,1435,14.0,42.1
top_siRNA,XM_064380548.1,100.0,19,0,0,22,40,1437,1455,220.0,38.2
top_siRNA,XM_064333757.1,100.0,21,0,0,14,34,4371,4351,14.0,42.1
top_siRNA,XM_064333756.1,100.0,21,0,0,14,34,4630,4610,14.0,42.1
top_siRNA,XM_016945535.3,100.0,21,0,0,1,21,355,335,14.0,42.1
top_siRNA,XM_016945535.3,100.0,21,0,0,22,42,337,357,14.0,42.1
top_siRNA,XM_518992.8,100.0,21,0,0,1,21,588,568,14.0,42.1
top_siRNA,XM_518992.8,100.0,21,0,0,22,42,570,590,14.0,42.1
top_siRNA,XM_063815261.1,100.0,21,0,0,1,21,1031,1011,14.0,42.1
top_siRNA,XM_063815261.1,100.0,21,0,0,22,42,1013,1033,14.0,42.1
top_siRNA,XM_054494873.2,100.0,21,0,0,1,21,2286,2266,14.0,42.1
top_siRNA,XM_054494873.2,100.0,21,0,0,22,42,2268,2288,14.0,42.1
top_siRNA,XM_063726052.1,100.0,21,0,0,1,21,382,362,14.0,42.1
top_siRNA,XM_063726052.1,100.0,21,0,0,22,42,364,384,14.0,42.1
top_siRNA,XM_002818159.5,100.0,21,0,0,1,21,1182,1162,14.0,42.1
top_siRNA,XM_002818159.5,100.0,21,0,0,22,42,1164,1184,14.0,42.1
top_siRNA,XM_055272471.2,100.0,21,0,0,1,21,944,924,14.0,42.1
top_siRNA,XM_055272471.2,100.0,21,0,0,22,42,926,946,14.0,42.1
top_siRNA,XM_008960059.5,100.0,21,0,0,1,21,825,805,14.0,42.1
top_siRNA,XM_008960059.5,100.0,21,0,0,22,42,807,827,14.0,42.1
top_siRNA,XM_063605635.1,100.0,21,0,0,1,21,703,683,14.0,42.1
top_siRNA,XM_063605635.1,100.0,21,0,0,22,42,685,705,14.0,42.1
top_siRNA,NM_001287316.1,100.0,21,0,0,1,21,483,463,14.0,42.1
top_siRNA,NM_001287316.1,100.0,21,0,0,22,42,465,485,14.0,42.1
top_siRNA,LT727635.1,100.0,21,0,0,1,21,4192,4172,14.0,42.1
top_siRNA,LT727635.1,100.0,21,0,0,22,42,4174,4194,14.0,42.1
top_siRNA,LT727607.1,100.0,21,0,0,1,21,543,523,14.0,42.1
top_siRNA,LT727607.1,100.0,21,0,0,22,42,525,545,14.0,42.1
top_siRNA,LT727600.1,100.0,21,0,0,1,21,4088,4068,14.0,42.1
top_siRNA,LT727600.1,100.0,21,0,0,22,42,4070,4090,14.0,42.1
top_siRNA,LT727599.1,100.0,21,0,0,1,21,3975,3955,14.0,42.1
top_siRNA,LT727599.1,100.0,21,0,0,22,42,3957,3977,14.0,42.1
top_siRNA,LT727598.1,100.0,21,0,0,1,21,3844,3824,14.0,42.1
top_siRNA,LT727598.1,100.0,21,0,0,22,42,3826,3846,14.0,42.1
top_siRNA,LT727515.1,100.0,21,0,0,1,21,12465,12445,14.0,42.1
top_siRNA,LT727515.1,100.0,21,0,0,22,42,12447,12467,14.0,42.1
top_siRNA,OZ010654.1,100.0,21,0,0,8,28,9098060,9098040,14.0,42.1
top_siRNA,OZ010654.1,100.0,21,0,0,8,28,9251651,9251631,14.0,42.1
top_siRNA,OZ010654.1,100.0,19,0,0,9,27,7134828,7134846,220.0,38.2
top_siRNA,OZ010654.1,95.455,22,1,0,8,29,24467761,24467740,871.0,36.2
top_siRNA,OZ010654.1,95.455,22,1,0,12,33,24467740,24467761,871.0,36.2
top_siRNA,OZ004795.1,100.0,21,0,0,6,26,41928680,41928660,14.0,42.1
top_siRNA,OZ004729.1,100.0,21,0,0,14,34,88408763,88408743,14.0,42.1
top_siRNA,OZ004729.1,100.0,21,0,0,14,34,49549046,49549066,14.0,42.1
top_siRNA,OZ004729.1,100.0,20,0,0,14,33,53549421,53549440,56.0,40.1
top_siRNA,OZ004729.1,100.0,19,0,0,14,32,34172854,34172836,220.0,38.2
top_siRNA,OZ004729.1,100.0,19,0,0,14,32,69701579,69701561,220.0,38.2
top_siRNA,OZ004729.1,100.0,18,0,0,23,40,10014741,10014724,871.0,36.2
top_siRNA,OZ004729.1,100.0,18,0,0,1,18,10014724,10014741,871.0,36.2
top_siRNA,XM_019180947.1,96.0,25,1,0,13,37,405,381,14.0,42.1
top_siRNA,CP117902.1,100.0,21,0,0,20,40,103945,103925,14.0,42.1
top_siRNA,CP117902.1,100.0,19,0,0,1,19,103925,103943,220.0,38.2
top_siRNA,CP117909.1,100.0,21,0,0,20,40,104062,104042,14.0,42.1
top_siRNA,CP117909.1,100.0,19,0,0,1,19,104042,104060,220.0,38.2
top_siRNA,CP118290.1,100.0,21,0,0,20,40,103890,103870,14.0,42.1
top_siRNA,CP118290.1,100.0,19,0,0,1,19,103870,103888,220.0,38.2
top_siRNA,CP119358.1,100.0,21,0,0,20,40,103905,103885,14.0,42.1
top_siRNA,CP119358.1,100.0,19,0,0,1,19,103885,103903,220.0,38.2
top_siRNA,CP118298.1,100.0,21,0,0,20,40,103866,103846,14.0,42.1
top_siRNA,CP118298.1,100.0,19,0,0,1,19,103846,103864,220.0,38.2
top_siRNA,CP119383.1,100.0,21,0,0,20,40,103633,103613,14.0,42.1
top_siRNA,CP119383.1,100.0,19,0,0,1,19,103613,103631,220.0,38.2
top_siRNA,CP119374.1,100.0,21,0,0,20,40,103890,103870,14.0,42.1
top_siRNA,CP119374.1,100.0,19,0,0,1,19,103870,103888,220.0,38.2
top_siRNA,XM_017871559.1,100.0,21,0,0,1,21,602,582,14.0,42.1
top_siRNA,XM_017871559.1,100.0,21,0,0,22,42,584,604,14.0,42.1
top_siRNA,XM_017871558.1,100.0,21,0,0,1,21,764,744,14.0,42.1
top_siRNA,XM_017871558.1,100.0,21,0,0,22,42,746,766,14.0,42.1
top_siRNA,CP092873.1,100.0,21,0,0,5,25,36607598,36607578,14.0,42.1
top_siRNA,XM_032759575.2,100.0,21,0,0,1,21,320,300,14.0,42.1
top_siRNA,XM_032759575.2,100.0,21,0,0,22,42,302,322,14.0,42.1
top_siRNA,XM_032759555.2,100.0,21,0,0,1,21,546,526,14.0,42.1
top_siRNA,XM_032759555.2,100.0,21,0,0,22,42,528,548,14.0,42.1
top_siRNA,CP124066.1,100.0,21,0,0,20,40,103280,103260,14.0,42.1
top_siRNA,CP124066.1,100.0,19,0,0,1,19,103260,103278,220.0,38.2
top_siRNA,CP124062.1,100.0,21,0,0,20,40,107991,107971,14.0,42.1
top_siRNA,CP124062.1,100.0,19,0,0,1,19,107971,107989,220.0,38.2
top_siRNA,OX941088.1,96.0,25,1,0,7,31,69833720,69833696,14.0,42.1
top_siRNA,OX941088.1,95.652,23,1,0,10,32,69915147,69915125,220.0,38.2
top_siRNA,OX941088.1,95.455,22,1,0,10,31,86029833,86029812,871.0,36.2
top_siRNA,OX465107.1,100.0,21,0,0,16,36,8630027,8630007,14.0,42.1
top_siRNA,XM_019031795.3,100.0,21,0,0,1,21,585,565,14.0,42.1
top_siRNA,XM_019031795.3,100.0,21,0,0,22,42,567,587,14.0,42.1
top_siRNA,OX459959.2,100.0,21,0,0,7,27,21104676,21104656,14.0,42.1
top_siRNA,XM_054358146.1,100.0,21,0,0,1,21,1425,1405,14.0,42.1
top_siRNA,XM_054358146.1,100.0,21,0,0,22,42,1407,1427,14.0,42.1
top_siRNA,CP087228.1,100.0,21,0,0,5,25,9497661,9497641,14.0,42.1
top_siRNA,XR_008402398.1,100.0,21,0,0,7,27,1099,1079,14.0,42.1
top_siRNA,XM_053713095.1,100.0,21,0,0,7,27,977,957,14.0,42.1
top_siRNA,CP011901.1,100.0,21,0,0,9,29,13641705,13641685,14.0,42.1
top_siRNA,CP011901.1,100.0,18,0,0,6,23,70522639,70522622,871.0,36.2
top_siRNA,CP011901.1,100.0,18,0,0,6,23,7709607,7709624,871.0,36.2
top_siRNA,OX421883.1,100.0,21,0,0,6,26,45243809,45243789,14.0,42.1
top_siRNA,OX419233.1,96.0,25,1,0,15,39,36845041,36845017,14.0,42.1
top_siRNA,OX419233.1,100.0,18,0,0,2,19,36845017,36845034,871.0,36.2
top_siRNA,OX419219.1,96.0,25,1,0,15,39,55359180,55359156,14.0,42.1
top_siRNA,OX419219.1,100.0,18,0,0,2,19,55359156,55359173,871.0,36.2
top_siRNA,OX387916.1,100.0,21,0,0,20,40,10672381,10672361,14.0,42.1
top_siRNA,OX387916.1,100.0,19,0,0,1,19,10672361,10672379,220.0,38.2
top_siRNA,CP075402.1,100.0,21,0,0,20,40,103863,103843,14.0,42.1
top_siRNA,CP075402.1,100.0,19,0,0,1,19,103843,103861,220.0,38.2
top_siRNA,CP075406.1,100.0,21,0,0,20,40,103856,103836,14.0,42.1
top_siRNA,CP075406.1,100.0,19,0,0,1,19,103836,103854,220.0,38.2
top_siRNA,CP075407.1,100.0,21,0,0,20,40,103830,103810,14.0,42.1
top_siRNA,CP075407.1,100.0,19,0,0,1,19,103810,103828,220.0,38.2
top_siRNA,CP075440.1,100.0,21,0,0,20,40,103781,103761,14.0,42.1
top_siRNA,CP075440.1,100.0,19,0,0,1,19,103761,103779,220.0,38.2
top_siRNA,CP075441.1,100.0,21,0,0,20,40,103774,103754,14.0,42.1
top_siRNA,CP075441.1,100.0,19,0,0,1,19,103754,103772,220.0,38.2
top_siRNA,CP075442.1,100.0,21,0,0,20,40,103747,103727,14.0,42.1
top_siRNA,CP075442.1,100.0,19,0,0,1,19,103727,103745,220.0,38.2
top_siRNA,CP075443.1,100.0,21,0,0,20,40,103774,103754,14.0,42.1
top_siRNA,CP075443.1,100.0,19,0,0,1,19,103754,103772,220.0,38.2
top_siRNA,CP075444.1,100.0,21,0,0,20,40,89368,89348,14.0,42.1
top_siRNA,CP075444.1,100.0,19,0,0,1,19,89348,89366,220.0,38.2
top_siRNA,CP075445.1,100.0,21,0,0,20,40,101245,101225,14.0,42.1
top_siRNA,CP075445.1,100.0,19,0,0,1,19,101225,101243,220.0,38.2
top_siRNA,CP075446.1,100.0,21,0,0,20,40,103502,103482,14.0,42.1
top_siRNA,CP075446.1,100.0,19,0,0,1,19,103482,103500,220.0,38.2
top_siRNA,CP075447.1,100.0,21,0,0,20,40,103781,103761,14.0,42.1
top_siRNA,CP075447.1,100.0,19,0,0,1,19,103761,103779,220.0,38.2
top_siRNA,CP075448.1,100.0,21,0,0,20,40,103769,103749,14.0,42.1
top_siRNA,CP075448.1,100.0,19,0,0,1,19,103749,103767,220.0,38.2
top_siRNA,CP075449.1,100.0,21,0,0,20,40,103781,103761,14.0,42.1
top_siRNA,CP075449.1,100.0,19,0,0,1,19,103761,103779,220.0,38.2
top_siRNA,CP075450.1,100.0,21,0,0,20,40,103775,103755,14.0,42.1
top_siRNA,CP075450.1,100.0,19,0,0,1,19,103755,103773,220.0,38.2
top_siRNA,CP075234.1,100.0,21,0,0,20,40,103816,103796,14.0,42.1
top_siRNA,CP075234.1,100.0,19,0,0,1,19,103796,103814,220.0,38.2
top_siRNA,CP075233.1,100.0,21,0,0,20,40,103844,103824,14.0,42.1
top_siRNA,CP075233.1,100.0,19,0,0,1,19,103824,103842,220.0,38.2
top_siRNA,CP075232.1,100.0,21,0,0,20,40,103908,103888,14.0,42.1
top_siRNA,CP075232.1,100.0,19,0,0,1,19,103888,103906,220.0,38.2
top_siRNA,CP075231.1,100.0,21,0,0,20,40,103838,103818,14.0,42.1
top_siRNA,CP075231.1,100.0,19,0,0,1,19,103818,103836,220.0,38.2
top_siRNA,CP075230.1,100.0,21,0,0,20,40,103842,103822,14.0,42.1
top_siRNA,CP075230.1,100.0,19,0,0,1,19,103822,103840,220.0,38.2
top_siRNA,CP075229.1,100.0,21,0,0,20,40,103842,103822,14.0,42.1
top_siRNA,CP075229.1,100.0,19,0,0,1,19,103822,103840,220.0,38.2
top_siRNA,CP075228.1,100.0,21,0,0,20,40,103848,103828,14.0,42.1
top_siRNA,CP075228.1,100.0,19,0,0,1,19,103828,103846,220.0,38.2
top_siRNA,CP075225.1,100.0,21,0,0,20,40,103862,103842,14.0,42.1
top_siRNA,CP075225.1,100.0,19,0,0,1,19,103842,103860,220.0,38.2
top_siRNA,CP075216.1,100.0,21,0,0,20,40,103785,103765,14.0,42.1
top_siRNA,CP075216.1,100.0,19,0,0,1,19,103765,103783,220.0,38.2
top_siRNA,CP075215.1,100.0,21,0,0,20,40,103648,103628,14.0,42.1
top_siRNA,CP075215.1,100.0,19,0,0,1,19,103628,103646,220.0,38.2
top_siRNA,CP075214.1,100.0,21,0,0,20,40,103782,103762,14.0,42.1
top_siRNA,CP075214.1,100.0,19,0,0,1,19,103762,103780,220.0,38.2
top_siRNA,CP075213.1,100.0,21,0,0,20,40,103575,103555,14.0,42.1
top_siRNA,CP075213.1,100.0,19,0,0,1,19,103555,103573,220.0,38.2
top_siRNA,CP075212.1,100.0,21,0,0,20,40,103774,103754,14.0,42.1
top_siRNA,CP075212.1,100.0,19,0,0,1,19,103754,103772,220.0,38.2
top_siRNA,CP075211.1,100.0,21,0,0,20,40,103630,103610,14.0,42.1
top_siRNA,CP075211.1,100.0,19,0,0,1,19,103610,103628,220.0,38.2
top_siRNA,CP075210.1,100.0,21,0,0,20,40,103785,103765,14.0,42.1
top_siRNA,CP075210.1,100.0,19,0,0,1,19,103765,103783,220.0,38.2
top_siRNA,CP075209.1,100.0,21,0,0,20,40,103815,103795,14.0,42.1
top_siRNA,CP075209.1,100.0,19,0,0,1,19,103795,103813,220.0,38.2
top_siRNA,CP075208.1,100.0,21,0,0,20,40,103775,103755,14.0,42.1
top_siRNA,CP075208.1,100.0,19,0,0,1,19,103755,103773,220.0,38.2
top_siRNA,CP075207.1,100.0,21,0,0,20,40,103771,103751,14.0,42.1
top_siRNA,CP075207.1,100.0,19,0,0,1,19,103751,103769,220.0,38.2
top_siRNA,CP075206.1,100.0,21,0,0,20,40,103723,103703,14.0,42.1
top_siRNA,CP075206.1,100.0,19,0,0,1,19,103703,103721,220.0,38.2
top_siRNA,CP075205.1,100.0,21,0,0,20,40,103816,103796,14.0,42.1
top_siRNA,CP075205.1,100.0,19,0,0,1,19,103796,103814,220.0,38.2
top_siRNA,CP075204.1,100.0,21,0,0,20,40,103781,103761,14.0,42.1
top_siRNA,CP075204.1,100.0,19,0,0,1,19,103761,103779,220.0,38.2
top_siRNA,CP075203.1,100.0,21,0,0,20,40,103774,103754,14.0,42.1
top_siRNA,CP075203.1,100.0,19,0,0,1,19,103754,103772,220.0,38.2
top_siRNA,CP075202.1,100.0,21,0,0,20,40,103699,103679,14.0,42.1
top_siRNA,CP075202.1,100.0,19,0,0,1,19,103679,103697,220.0,38.2
top_siRNA,CP075250.1,100.0,21,0,0,20,40,103798,103778,14.0,42.1
top_siRNA,CP075250.1,100.0,19,0,0,1,19,103778,103796,220.0,38.2
top_siRNA,CP075201.1,100.0,21,0,0,20,40,103740,103720,14.0,42.1
top_siRNA,CP075201.1,100.0,19,0,0,1,19,103720,103738,220.0,38.2
top_siRNA,CP075249.1,100.0,21,0,0,20,40,103788,103768,14.0,42.1
top_siRNA,CP075249.1,100.0,19,0,0,1,19,103768,103786,220.0,38.2
top_siRNA,CP075248.1,100.0,21,0,0,20,40,103789,103769,14.0,42.1
top_siRNA,CP075248.1,100.0,19,0,0,1,19,103769,103787,220.0,38.2
top_siRNA,CP075200.1,100.0,21,0,0,20,40,103767,103747,14.0,42.1
top_siRNA,CP075200.1,100.0,19,0,0,1,19,103747,103765,220.0,38.2
top_siRNA,CP075199.1,100.0,21,0,0,20,40,103764,103744,14.0,42.1
top_siRNA,CP075199.1,100.0,19,0,0,1,19,103744,103762,220.0,38.2
top_siRNA,CP075198.1,100.0,21,0,0,20,40,103774,103754,14.0,42.1
top_siRNA,CP075198.1,100.0,19,0,0,1,19,103754,103772,220.0,38.2
top_siRNA,XM_012081125.1,100.0,21,0,0,1,21,599,579,14.0,42.1
top_siRNA,XM_012081125.1,100.0,21,0,0,22,42,581,601,14.0,42.1
top_siRNA,XM_011944174.1,100.0,21,0,0,1,21,447,427,14.0,42.1
top_siRNA,XM_011944174.1,100.0,21,0,0,22,42,429,449,14.0,42.1
top_siRNA,XM_011944173.1,100.0,21,0,0,1,21,604,584,14.0,42.1
top_siRNA,XM_011944173.1,100.0,21,0,0,22,42,586,606,14.0,42.1
top_siRNA,XM_011944172.1,100.0,21,0,0,1,21,702,682,14.0,42.1
top_siRNA,XM_011944172.1,100.0,21,0,0,22,42,684,704,14.0,42.1
top_siRNA,XM_011973919.1,100.0,21,0,0,1,21,447,427,14.0,42.1
top_siRNA,XM_011973919.1,100.0,21,0,0,22,42,429,449,14.0,42.1
top_siRNA,XM_011973917.1,100.0,21,0,0,1,21,604,584,14.0,42.1
top_siRNA,XM_011973917.1,100.0,21,0,0,22,42,586,606,14.0,42.1
top_siRNA,XM_011973916.1,100.0,21,0,0,1,21,702,682,14.0,42.1
top_siRNA,XM_011973916.1,100.0,21,0,0,22,42,684,704,14.0,42.1
top_siRNA,CP009058.1,100.0,21,0,0,20,40,103783,103763,14.0,42.1
top_siRNA,CP009058.1,100.0,19,0,0,1,19,103763,103781,220.0,38.2
top_siRNA,XM_050783146.1,100.0,21,0,0,1,21,1314,1294,14.0,42.1
top_siRNA,XM_050783146.1,100.0,21,0,0,22,42,1296,1316,14.0,42.1
top_siRNA,OW618046.2,100.0,21,0,0,20,40,10611904,10611884,14.0,42.1
top_siRNA,OW618046.2,100.0,19,0,0,1,19,10611884,10611902,220.0,38.2
top_siRNA,CP009212.1,100.0,21,0,0,20,40,103770,103750,14.0,42.1
top_siRNA,CP009212.1,100.0,19,0,0,1,19,103750,103768,220.0,38.2
top_siRNA,CP087240.1,100.0,21,0,0,5,25,9452625,9452605,14.0,42.1
top_siRNA,OU452225.1,100.0,21,0,0,9,29,3762999,3762979,14.0,42.1
top_siRNA,OU452225.1,100.0,18,0,0,9,26,3396626,3396609,871.0,36.2
top_siRNA,OU452225.1,100.0,18,0,0,9,26,3539395,3539378,871.0,36.2
top_siRNA,OU452225.1,100.0,18,0,0,9,26,4519108,4519125,871.0,36.2
top_siRNA,OU015578.1,100.0,21,0,0,4,24,29539050,29539030,14.0,42.1
top_siRNA,FR989876.1,100.0,21,0,0,8,28,1510620,1510600,14.0,42.1
top_siRNA,NM_001042733.2,100.0,21,0,0,1,21,483,463,14.0,42.1
top_siRNA,NM_001042733.2,100.0,21,0,0,22,42,465,485,14.0,42.1
top_siRNA,CP003882.1,100.0,21,0,0,20,40,103765,103745,14.0,42.1
top_siRNA,CP003882.1,100.0,19,0,0,1,19,103745,103763,220.0,38.2
top_siRNA,XM_017526970.2,100.0,21,0,0,1,21,401,381,14.0,42.1
top_siRNA,XM_017526970.2,100.0,19,0,0,22,40,383,401,220.0,38.2
top_siRNA,XM_017526969.2,100.0,21,0,0,1,21,620,600,14.0,42.1
top_siRNA,XM_017526969.2,100.0,19,0,0,22,40,602,620,220.0,38.2
top_siRNA,OZ457392.1,100.0,21,0,0,8,28,15426676,15426656,14.0,42.1
top_siRNA,JQ250825.1,100.0,21,0,0,1,21,480,460,14.0,42.1
top_siRNA,JQ250825.1,100.0,21,0,0,22,42,462,482,14.0,42.1
top_siRNA,OZ453277.1,100.0,21,0,0,5,25,26783113,26783093,14.0,42.1
top_siRNA,XM_036749794.1,100.0,21,0,0,6,26,379,359,14.0,42.1
top_siRNA,OZ415981.1,100.0,21,0,0,12,32,43829227,43829207,14.0,42.1
top_siRNA,XM_080263119.1,100.0,21,0,0,18,38,574,554,14.0,42.1
top_siRNA,OZ411630.1,100.0,21,0,0,13,33,5940107,5940087,14.0,42.1
top_siRNA,OZ407454.1,100.0,21,0,0,9,29,19931985,19931965,14.0,42.1
top_siRNA,OZ407144.1,100.0,21,0,0,19,39,35140030,35140010,14.0,42.1
top_siRNA,OZ407144.1,100.0,18,0,0,2,19,35140010,35140027,871.0,36.2
top_siRNA,OZ405057.1,100.0,21,0,0,14,34,15042764,15042744,14.0,42.1
top_siRNA,LR862393.1,100.0,21,0,0,8,28,37202402,37202382,14.0,42.1
top_siRNA,OZ404551.1,96.0,25,1,0,15,39,9860154,9860130,14.0,42.1
top_siRNA,OZ404551.1,100.0,18,0,0,2,19,9860130,9860147,871.0,36.2
top_siRNA,NM_001267771.2,100.0,21,0,0,1,21,546,526,14.0,42.1
top_siRNA,NM_001267771.2,100.0,19,0,0,22,40,528,546,220.0,38.2
top_siRNA,OZ228848.1,100.0,21,0,0,7,27,18615411,18615391,14.0,42.1
top_siRNA,XM_078341942.1,100.0,21,0,0,1,21,355,335,14.0,42.1
top_siRNA,XM_078341942.1,100.0,19,0,0,22,40,337,355,220.0,38.2
top_siRNA,AP018908.1,100.0,21,0,0,20,40,103880,103860,14.0,42.1
top_siRNA,AP018908.1,100.0,19,0,0,1,19,103860,103878,220.0,38.2
top_siRNA,OZ387654.1,100.0,21,0,0,14,34,16214922,16214902,14.0,42.1
top_siRNA,XM_077995016.1,100.0,21,0,0,1,21,941,921,14.0,42.1
top_siRNA,XM_077995016.1,100.0,21,0,0,22,42,923,943,14.0,42.1
top_siRNA,OZ364081.2,96.0,25,1,0,12,36,61689197,61689173,14.0,42.1
top_siRNA,OZ364081.2,100.0,19,0,0,10,28,79320955,79320937,220.0,38.2
top_siRNA,OZ364081.2,100.0,19,0,0,10,28,79327970,79327952,220.0,38.2
top_siRNA,OZ370405.1,100.0,21,0,0,22,42,10589666,10589646,14.0,42.1
top_siRNA,OZ370405.1,100.0,20,0,0,1,20,10589648,10589667,56.0,40.1
top_siRNA,OZ370015.1,100.0,21,0,0,8,28,4152705,4152685,14.0,42.1
top_siRNA,CP002933.1,100.0,21,0,0,20,40,103781,103761,14.0,42.1
top_siRNA,CP002933.1,100.0,19,0,0,1,19,103761,103779,220.0,38.2
top_siRNA,AB528399.1,100.0,21,0,0,1,21,492,472,14.0,42.1
top_siRNA,AB528399.1,100.0,21,0,0,22,42,474,494,14.0,42.1
top_siRNA,GQ507794.1,100.0,21,0,0,1,21,483,463,14.0,42.1
top_siRNA,GQ507794.1,100.0,21,0,0,22,42,465,485,14.0,42.1
top_siRNA,FJ194486.1,100.0,21,0,0,1,21,483,463,14.0,42.1
top_siRNA,FJ194486.1,100.0,21,0,0,22,42,465,485,14.0,42.1
top_siRNA,DQ894639.2,100.0,21,0,0,1,21,505,485,14.0,42.1
top_siRNA,DQ894639.2,100.0,21,0,0,22,42,487,507,14.0,42.1
top_siRNA,DQ891463.2,100.0,21,0,0,1,21,505,485,14.0,42.1
top_siRNA,DQ891463.2,100.0,21,0,0,22,42,487,507,14.0,42.1
top_siRNA,CP000395.1,100.0,21,0,0,20,40,103547,103527,14.0,42.1
top_siRNA,CP000395.1,100.0,19,0,0,1,19,103527,103545,220.0,38.2
top_siRNA,DQ658153.1,100.0,21,0,0,1,21,511,491,14.0,42.1
top_siRNA,DQ658153.1,100.0,19,0,0,22,40,493,511,220.0,38.2
top_siRNA,AY849928.1,100.0,21,0,0,1,21,483,463,14.0,42.1
top_siRNA,AY849928.1,100.0,21,0,0,22,42,465,485,14.0,42.1
top_siRNA,BT019749.1,100.0,21,0,0,1,21,483,463,14.0,42.1
top_siRNA,BT019749.1,100.0,21,0,0,22,42,465,485,14.0,42.1
top_siRNA,BT019748.1,100.0,21,0,0,1,21,483,463,14.0,42.1
top_siRNA,BT019748.1,100.0,21,0,0,22,42,465,485,14.0,42.1
top_siRNA,BT019727.1,100.0,21,0,0,1,21,483,463,14.0,42.1
top_siRNA,BT019727.1,100.0,21,0,0,22,42,465,485,14.0,42.1
top_siRNA,BC015511.1,100.0,21,0,0,1,21,532,512,14.0,42.1
top_siRNA,BC015511.1,100.0,21,0,0,22,42,514,534,14.0,42.1
top_siRNA,AB000554.1,100.0,21,0,0,1,21,483,463,14.0,42.1
top_siRNA,AB000554.1,100.0,21,0,0,22,42,465,485,14.0,42.1
top_siRNA,S56892.1,100.0,21,0,0,1,21,498,478,14.0,42.1
top_siRNA,S56892.1,100.0,21,0,0,22,42,480,500,14.0,42.1
top_siRNA,CR450296.1,100.0,21,0,0,1,21,483,463,14.0,42.1
top_siRNA,CR450296.1,100.0,21,0,0,22,42,465,485,14.0,42.1
top_siRNA,AF097323.1,100.0,21,0,0,1,21,483,463,14.0,42.1
top_siRNA,AF097323.1,100.0,19,0,0,22,40,465,483,220.0,38.2
top_siRNA,AF097322.1,100.0,21,0,0,1,21,483,463,14.0,42.1
top_siRNA,AF097322.1,100.0,19,0,0,22,40,465,483,220.0,38.2
top_siRNA,AF014510.1,100.0,21,0,0,1,21,483,463,14.0,42.1
top_siRNA,AF014510.1,100.0,21,0,0,22,42,465,485,14.0,42.1
top_siRNA,AF014505.1,100.0,21,0,0,1,21,482,462,14.0,42.1
top_siRNA,AF014505.1,100.0,19,0,0,22,40,464,482,220.0,38.2
top_siRNA,L26028.1,100.0,21,0,0,1,21,483,463,14.0,42.1
top_siRNA,L26028.1,100.0,21,0,0,22,42,465,485,14.0,42.1
top_siRNA,L26032.1,100.0,21,0,0,1,21,483,463,14.0,42.1
top_siRNA,L26032.1,100.0,21,0,0,22,42,465,485,14.0,42.1
top_siRNA,M54894.1,100.0,21,0,0,1,21,533,513,14.0,42.1
top_siRNA,M54894.1,100.0,21,0,0,22,42,515,535,14.0,42.1
top_siRNA,M29150.1,100.0,21,0,0,1,21,518,498,14.0,42.1
top_siRNA,M29150.1,100.0,21,0,0,22,42,500,520,14.0,42.1
top_siRNA,M18403.1,100.0,21,0,0,1,21,545,525,14.0,42.1
top_siRNA,M18403.1,100.0,21,0,0,22,42,527,547,14.0,42.1
top_siRNA,M14584.1,100.0,21,0,0,1,21,546,526,14.0,42.1
top_siRNA,M14584.1,100.0,21,0,0,22,42,528,548,14.0,42.1
top_siRNA,X04602.1,100.0,21,0,0,1,21,516,496,14.0,42.1
top_siRNA,X04602.1,100.0,21,0,0,22,42,498,518,14.0,42.1
top_siRNA,X04430.1,100.0,21,0,0,1,21,569,549,14.0,42.1
top_siRNA,X04430.1,100.0,21,0,0,22,42,551,571,14.0,42.1
top_siRNA,X04403.1,100.0,21,0,0,1,21,390,370,14.0,42.1
top_siRNA,X04403.1,100.0,21,0,0,22,42,372,392,14.0,42.1
top_siRNA,OZ364108.1,100.0,21,0,0,22,42,9379069,9379089,14.0,42.1
top_siRNA,OZ364108.1,100.0,19,0,0,1,19,9379087,9379069,220.0,38.2
top_siRNA,OZ362441.1,100.0,21,0,0,1,21,2082319,2082339,14.0,42.1
top_siRNA,OZ362441.1,100.0,19,0,0,22,40,2082337,2082319,220.0,38.2
top_siRNA,OZ352785.1,96.0,25,1,0,9,33,8719799,8719823,14.0,42.1
top_siRNA,OZ349350.1,100.0,21,0,0,3,23,64761110,64761130,14.0,42.1
top_siRNA,OZ350128.1,100.0,21,0,0,4,24,28225282,28225302,14.0,42.1
top_siRNA,OZ345458.1,96.0,25,1,0,12,36,14545620,14545644,14.0,42.1
top_siRNA,OZ345419.1,100.0,21,0,0,14,34,18016487,18016507,14.0,42.1
top_siRNA,OZ335899.1,100.0,21,0,0,7,27,13199569,13199589,14.0,42.1
top_siRNA,OZ321407.1,100.0,21,0,0,12,32,8367046,8367066,14.0,42.1
top_siRNA,OZ319608.1,100.0,21,0,0,14,34,215817,215837,14.0,42.1
top_siRNA,OZ318666.1,100.0,21,0,0,12,32,8114101,8114121,14.0,42.1
top_siRNA,OZ317101.1,100.0,21,0,0,22,42,4538389,4538409,14.0,42.1
top_siRNA,OZ317101.1,100.0,19,0,0,1,19,4538407,4538389,220.0,38.2
top_siRNA,AP022678.1,96.0,25,1,0,12,36,4571591,4571615,14.0,42.1
top_siRNA,OZ298082.1,100.0,21,0,0,2,22,79116543,79116563,14.0,42.1
top_siRNA,OZ298082.1,100.0,18,0,0,22,39,79116560,79116543,871.0,36.2
top_siRNA,OZ280742.1,96.0,25,1,0,15,39,2038229,2038253,14.0,42.1
top_siRNA,OZ280742.1,100.0,18,0,0,2,19,2038253,2038236,871.0,36.2
top_siRNA,OZ004714.2,100.0,21,0,0,6,26,5368500,5368520,14.0,42.1
top_siRNA,OZ004714.2,100.0,18,0,0,25,42,16211770,16211787,871.0,36.2
top_siRNA,OZ247786.1,96.0,25,1,0,9,33,48520992,48521016,14.0,42.1
top_siRNA,OZ071109.2,100.0,21,0,0,16,36,19822695,19822715,14.0,42.1
top_siRNA,OZ244938.1,100.0,21,0,0,6,26,4005844,4005864,14.0,42.1
top_siRNA,OZ240715.1,100.0,21,0,0,6,26,2029251,2029271,14.0,42.1
top_siRNA,OZ240715.1,100.0,19,0,0,15,33,5141135,5141153,220.0,38.2
top_siRNA,OZ238966.1,100.0,21,0,0,12,32,52565864,52565884,14.0,42.1
top_siRNA,OZ238966.1,100.0,19,0,0,18,36,68689308,68689326,220.0,38.2
top_siRNA,OZ218581.1,100.0,21,0,0,1,21,2735412,2735432,14.0,42.1
top_siRNA,OZ218581.1,100.0,19,0,0,22,40,2735430,2735412,220.0,38.2
top_siRNA,OZ125590.1,100.0,21,0,0,8,28,12451291,12451311,14.0,42.1
top_siRNA,OZ195118.1,100.0,21,0,0,15,35,5192677,5192697,14.0,42.1
top_siRNA,OZ179770.1,100.0,21,0,0,13,33,13265490,13265510,14.0,42.1
top_siRNA,OZ179225.1,100.0,21,0,0,9,29,30119969,30119989,14.0,42.1
top_siRNA,OZ076750.1,96.0,25,1,0,5,29,2904988,2905012,14.0,42.1
top_siRNA,XM_021867591.1,96.0,25,1,0,15,39,345,369,14.0,42.1
top_siRNA,XM_021867591.1,100.0,18,0,0,2,19,369,352,871.0,36.2
top_siRNA,XM_021911427.1,96.0,25,1,0,15,39,433,457,14.0,42.1
top_siRNA,XM_021911427.1,100.0,18,0,0,2,19,457,440,871.0,36.2
top_siRNA,XM_023541049.2,100.0,21,0,0,17,37,1412,1432,14.0,42.1
top_siRNA,OZ007581.1,100.0,21,0,0,13,33,13657064,13657084,14.0,42.1
top_siRNA,OZ007572.1,100.0,21,0,0,6,26,25118825,25118845,14.0,42.1
top_siRNA,OZ007572.1,100.0,19,0,0,15,33,58282908,58282926,220.0,38.2
top_siRNA,OZ004672.1,100.0,21,0,0,12,32,7967986,7968006,14.0,42.1
top_siRNA,OZ004672.1,100.0,18,0,0,4,21,1129361,1129344,871.0,36.2
top_siRNA,OZ001136.1,100.0,21,0,0,9,29,30119969,30119989,14.0,42.1
top_siRNA,CP018262.1,100.0,21,0,0,20,40,801603,801623,14.0,42.1
top_siRNA,CP018262.1,100.0,19,0,0,1,19,801623,801605,220.0,38.2
top_siRNA,OY829538.1,96.0,25,1,0,13,37,63777389,63777413,14.0,42.1
top_siRNA,OY783228.1,100.0,21,0,0,3,23,17573715,17573735,14.0,42.1
top_siRNA,OY759689.1,100.0,21,0,0,8,28,1561548,1561568,14.0,42.1
top_siRNA,OY759689.1,95.455,22,1,0,6,27,4618239,4618260,871.0,36.2
top_siRNA,OY754949.1,100.0,21,0,0,1,21,9385171,9385191,14.0,42.1
top_siRNA,OY754949.1,100.0,20,0,0,22,41,9385189,9385170,56.0,40.1
top_siRNA,OY750770.1,100.0,21,0,0,6,26,2637824,2637844,14.0,42.1
top_siRNA,OY720420.1,100.0,21,0,0,17,37,73114007,73114027,14.0,42.1
top_siRNA,OY720420.1,100.0,19,0,0,4,22,28563839,28563821,220.0,38.2
top_siRNA,OX393558.1,100.0,21,0,0,9,29,45954860,45954880,14.0,42.1
top_siRNA,OX637696.1,100.0,21,0,0,14,34,56853226,56853246,14.0,42.1
top_siRNA,OX637696.1,100.0,20,0,0,14,33,43959121,43959102,56.0,40.1
top_siRNA,OX637696.1,100.0,20,0,0,14,33,62088957,62088938,56.0,40.1
top_siRNA,OX485809.1,100.0,21,0,0,4,24,579119,579139,14.0,42.1
top_siRNA,OX485809.1,100.0,18,0,0,15,32,11379259,11379242,871.0,36.2
top_siRNA,OX485809.1,100.0,18,0,0,15,32,18800656,18800639,871.0,36.2
top_siRNA,OX485809.1,100.0,18,0,0,15,32,30185807,30185790,871.0,36.2
top_siRNA,OX485809.1,100.0,18,0,0,15,32,31736302,31736319,871.0,36.2
top_siRNA,KT001838.1,100.0,21,0,0,5,25,78,98,14.0,42.1
top_siRNA,CP047696.1,100.0,21,0,0,9,29,3171519,3171539,14.0,42.1
top_siRNA,CP047695.1,100.0,21,0,0,9,29,3142883,3142903,14.0,42.1
top_siRNA,CP047694.1,100.0,21,0,0,9,29,3166227,3166247,14.0,42.1
top_siRNA,OX419585.1,100.0,21,0,0,7,27,3583492,3583512,14.0,42.1
top_siRNA,OX419210.1,96.0,25,1,0,15,39,903038,903062,14.0,42.1
top_siRNA,OX419210.1,100.0,18,0,0,2,19,903062,903045,871.0,36.2
top_siRNA,OX381708.1,100.0,21,0,0,5,25,7705457,7705477,14.0,42.1
top_siRNA,OX381708.1,100.0,21,0,0,5,25,7706294,7706314,14.0,42.1
top_siRNA,OX090966.1,100.0,21,0,0,9,29,8293729,8293749,14.0,42.1
top_siRNA,OX090934.1,100.0,21,0,0,9,29,30085986,30086006,14.0,42.1
top_siRNA,LK622499.1,100.0,21,0,0,16,36,749,769,14.0,42.1
top_siRNA,CP085829.1,100.0,21,0,0,21,41,5013911,5013931,14.0,42.1
top_siRNA,CP085829.1,100.0,19,0,0,1,19,5013930,5013912,220.0,38.2
top_siRNA,BK050221.1,100.0,21,0,0,1,21,107008,107028,14.0,42.1
top_siRNA,BK050221.1,100.0,19,0,0,22,40,107026,107008,220.0,38.2
top_siRNA,CP042238.1,100.0,21,0,0,20,40,805277,805297,14.0,42.1
top_siRNA,CP042238.1,100.0,19,0,0,1,19,805297,805279,220.0,38.2
top_siRNA,HG992038.1,100.0,21,0,0,10,30,6992927,6992947,14.0,42.1
top_siRNA,OA883002.1,100.0,21,0,0,5,25,65888,65908,14.0,42.1
top_siRNA,OZ462237.1,100.0,21,0,0,4,24,33766348,33766368,14.0,42.1
top_siRNA,OZ462235.1,100.0,21,0,0,4,24,52291554,52291574,14.0,42.1
top_siRNA,OZ454564.1,100.0,21,0,0,12,32,12351460,12351480,14.0,42.1
top_siRNA,XM_081676498.1,96.0,25,1,0,15,39,213,237,14.0,42.1
top_siRNA,XM_081676498.1,100.0,18,0,0,2,19,237,220,871.0,36.2
top_siRNA,XM_081672098.1,96.0,25,1,0,15,39,237,261,14.0,42.1
top_siRNA,XM_081672098.1,100.0,18,0,0,2,19,261,244,871.0,36.2
top_siRNA,XM_081631658.1,96.0,25,1,0,15,39,162,186,14.0,42.1
top_siRNA,XM_081631658.1,100.0,18,0,0,2,19,186,169,871.0,36.2
top_siRNA,XM_036736654.1,100.0,21,0,0,15,35,335,355,14.0,42.1
top_siRNA,OZ416094.1,100.0,21,0,0,1,21,33350905,33350925,14.0,42.1
top_siRNA,OZ416094.1,100.0,19,0,0,22,40,33350923,33350905,220.0,38.2
top_siRNA,LR877217.1,100.0,21,0,0,6,26,85134391,85134411,14.0,42.1
top_siRNA,OZ389517.1,100.0,21,0,0,5,25,22486428,22486448,14.0,42.1
top_siRNA,OZ389517.1,95.455,22,1,0,14,35,20993903,20993882,871.0,36.2
top_siRNA,OZ389517.1,100.0,18,0,0,19,36,17193277,17193294,871.0,36.2
top_siRNA,OZ387666.1,93.103,29,2,0,8,36,1852260,1852288,14.0,42.1
top_siRNA,OZ207550.2,100.0,21,0,0,13,33,53030041,53030061,14.0,42.1
top_siRNA,OZ207550.2,100.0,18,0,0,11,28,50551072,50551055,871.0,36.2
top_siRNA,CP002583.1,100.0,21,0,0,9,29,3143480,3143500,14.0,42.1
top_siRNA,OZ367978.1,95.833,24,1,0,4,27,6311094,6311071,56.0,40.1
top_siRNA,OZ365281.1,100.0,20,0,0,8,27,2487506,2487487,56.0,40.1
top_siRNA,OZ364732.1,100.0,20,0,0,23,42,12662057,12662038,56.0,40.1
top_siRNA,OZ364732.1,100.0,19,0,0,11,29,6854716,6854698,220.0,38.2
top_siRNA,OZ364732.1,100.0,18,0,0,10,27,7848497,7848480,871.0,36.2
top_siRNA,OZ364732.1,100.0,18,0,0,1,18,12662040,12662057,871.0,36.2
top_siRNA,OZ364704.1,100.0,20,0,0,23,42,24134501,24134482,56.0,40.1
top_siRNA,OZ364704.1,100.0,18,0,0,1,18,2199835,2199818,871.0,36.2
top_siRNA,OZ364704.1,100.0,18,0,0,23,40,2199818,2199835,871.0,36.2
top_siRNA,OZ364704.1,100.0,18,0,0,1,18,24134484,24134501,871.0,36.2
top_siRNA,OZ363832.1,100.0,20,0,0,9,28,63231142,63231123,56.0,40.1
top_siRNA,OZ363832.1,100.0,18,0,0,4,21,644451,644434,871.0,36.2
top_siRNA,OZ362923.1,95.833,24,1,0,13,36,29459356,29459333,56.0,40.1
top_siRNA,OZ362878.1,100.0,20,0,0,21,40,1348727,1348708,56.0,40.1
top_siRNA,OZ362878.1,100.0,19,0,0,1,19,1348708,1348726,220.0,38.2
top_siRNA,OZ351874.1,100.0,20,0,0,1,20,22275125,22275106,56.0,40.1
top_siRNA,OZ351874.1,100.0,19,0,0,22,40,22275107,22275125,220.0,38.2
top_siRNA,OZ346066.1,100.0,20,0,0,15,34,2657998,2657979,56.0,40.1
top_siRNA,OZ345481.1,100.0,20,0,0,14,33,25559014,25558995,56.0,40.1
top_siRNA,OZ345481.1,100.0,18,0,0,14,31,15936607,15936624,871.0,36.2
top_siRNA,OZ345041.1,100.0,20,0,0,15,34,3223693,3223674,56.0,40.1
top_siRNA,OZ335767.1,100.0,20,0,0,15,34,21165050,21165031,56.0,40.1
top_siRNA,OZ335755.1,95.833,24,1,0,14,37,20053101,20053078,56.0,40.1
top_siRNA,OZ335114.1,95.833,24,1,0,3,26,15163803,15163780,56.0,40.1
top_siRNA,OZ335114.1,92.308,26,2,0,10,35,18236464,18236489,871.0,36.2
top_siRNA,OZ320053.1,100.0,20,0,0,9,28,4251886,4251867,56.0,40.1
top_siRNA,OZ320024.1,100.0,20,0,0,12,31,11773845,11773826,56.0,40.1
top_siRNA,OZ464080.1,100.0,20,0,0,9,28,88196539,88196520,56.0,40.1
top_siRNA,OZ463485.1,100.0,20,0,0,14,33,1999128,1999109,56.0,40.1
top_siRNA,OZ452656.1,100.0,20,0,0,20,39,28664393,28664374,56.0,40.1
top_siRNA,OZ452656.1,100.0,18,0,0,2,19,28664374,28664391,871.0,36.2
top_siRNA,OZ409342.1,100.0,20,0,0,20,39,28740398,28740379,56.0,40.1
top_siRNA,OZ409342.1,100.0,18,0,0,2,19,28740379,28740396,871.0,36.2
top_siRNA,OZ455078.1,95.833,24,1,0,14,37,34175822,34175799,56.0,40.1
top_siRNA,OZ454622.1,100.0,20,0,0,9,28,5182783,5182764,56.0,40.1
top_siRNA,OZ432325.1,100.0,20,0,0,1,20,26472346,26472327,56.0,40.1
top_siRNA,OZ432325.1,100.0,19,0,0,22,40,26472328,26472346,220.0,38.2
top_siRNA,OZ416033.1,100.0,20,0,0,14,33,6067027,6067008,56.0,40.1
top_siRNA,OZ414270.1,100.0,20,0,0,1,20,17243953,17243934,56.0,40.1
top_siRNA,OZ414270.1,100.0,20,0,0,1,20,17338948,17338929,56.0,40.1
top_siRNA,OZ414270.1,100.0,19,0,0,22,40,17243935,17243953,220.0,38.2
top_siRNA,OZ414270.1,100.0,19,0,0,22,40,17338930,17338948,220.0,38.2
top_siRNA,OZ412429.1,95.833,24,1,0,3,26,31832783,31832760,56.0,40.1
top_siRNA,OZ412425.1,100.0,20,0,0,14,33,4003636,4003617,56.0,40.1
top_siRNA,OZ405907.1,100.0,20,0,0,6,25,73444948,73444929,56.0,40.1
top_siRNA,OZ405907.1,100.0,18,0,0,10,27,65785140,65785123,871.0,36.2
top_siRNA,OZ406002.1,100.0,20,0,0,7,26,14556193,14556174,56.0,40.1
top_siRNA,OU343092.2,100.0,20,0,0,6,25,74018365,74018346,56.0,40.1
top_siRNA,OU343092.2,100.0,18,0,0,10,27,66301809,66301792,871.0,36.2
top_siRNA,OZ389956.1,100.0,20,0,0,6,25,54042337,54042318,56.0,40.1
top_siRNA,OZ228832.1,100.0,20,0,0,6,25,73657091,73657072,56.0,40.1
top_siRNA,OZ228832.1,100.0,18,0,0,19,36,75841934,75841917,871.0,36.2
top_siRNA,OZ228832.1,100.0,18,0,0,16,33,82793417,82793434,871.0,36.2
top_siRNA,OZ388174.1,95.833,24,1,0,12,35,22284022,22283999,56.0,40.1
top_siRNA,OZ387665.1,100.0,20,0,0,14,33,23216312,23216293,56.0,40.1
top_siRNA,OZ387659.1,100.0,20,0,0,10,29,14969883,14969864,56.0,40.1
top_siRNA,OZ387484.1,100.0,20,0,0,6,25,32127296,32127277,56.0,40.1
top_siRNA,OZ387484.1,100.0,18,0,0,22,39,10617705,10617688,871.0,36.2
top_siRNA,OZ387484.1,100.0,18,0,0,2,19,10617688,10617705,871.0,36.2
top_siRNA,OZ387484.1,100.0,18,0,0,16,33,41672859,41672876,871.0,36.2
top_siRNA,OZ387117.1,100.0,20,0,0,8,27,45766545,45766526,56.0,40.1
top_siRNA,OZ375979.1,100.0,20,0,0,6,25,34908879,34908860,56.0,40.1
top_siRNA,OZ375979.1,100.0,18,0,0,22,39,13365061,13365044,871.0,36.2
top_siRNA,OZ375979.1,100.0,18,0,0,2,19,13365044,13365061,871.0,36.2
top_siRNA,OZ375979.1,100.0,18,0,0,16,33,44435555,44435572,871.0,36.2
top_siRNA,OZ375949.1,100.0,20,0,0,6,25,39152201,39152182,56.0,40.1
top_siRNA,OZ375949.1,100.0,18,0,0,22,39,17603649,17603632,871.0,36.2
top_siRNA,OZ375949.1,100.0,18,0,0,2,19,17603632,17603649,871.0,36.2
top_siRNA,OZ375949.1,100.0,18,0,0,16,33,48703424,48703441,871.0,36.2
top_siRNA,OZ375919.1,100.0,20,0,0,6,25,32682819,32682800,56.0,40.1
top_siRNA,OZ375919.1,100.0,18,0,0,22,39,11142689,11142672,871.0,36.2
top_siRNA,OZ375919.1,100.0,18,0,0,2,19,11142672,11142689,871.0,36.2
top_siRNA,OZ375919.1,100.0,18,0,0,16,33,42214263,42214280,871.0,36.2
top_siRNA,OZ375889.1,100.0,20,0,0,6,25,37547995,37547976,56.0,40.1
top_siRNA,OZ375889.1,100.0,18,0,0,22,39,16016453,16016436,871.0,36.2
top_siRNA,OZ375889.1,100.0,18,0,0,2,19,16016436,16016453,871.0,36.2
top_siRNA,OZ375889.1,100.0,18,0,0,16,33,47068875,47068892,871.0,36.2
top_siRNA,OZ375859.1,100.0,20,0,0,6,25,37662378,37662359,56.0,40.1
top_siRNA,OZ375859.1,100.0,18,0,0,22,39,16150939,16150922,871.0,36.2
top_siRNA,OZ375859.1,100.0,18,0,0,2,19,16150922,16150939,871.0,36.2
top_siRNA,OZ375859.1,100.0,18,0,0,16,33,47188113,47188130,871.0,36.2
top_siRNA,OZ376332.1,100.0,20,0,0,6,25,2033156,2033137,56.0,40.1
top_siRNA,OZ374852.1,100.0,20,0,0,14,33,10727192,10727173,56.0,40.1
top_siRNA,OZ374216.1,95.833,24,1,0,4,27,8027524,8027501,56.0,40.1
top_siRNA,OZ374137.1,100.0,20,0,0,8,27,970893,970874,56.0,40.1
top_siRNA,OZ372432.1,100.0,20,0,0,18,37,20809316,20809297,56.0,40.1
top_siRNA,OZ207546.2,100.0,20,0,0,5,24,13880512,13880493,56.0,40.1
top_siRNA,OZ364727.1,100.0,20,0,0,23,42,4964194,4964213,56.0,40.1
top_siRNA,OZ364727.1,100.0,18,0,0,1,18,4964211,4964194,871.0,36.2
top_siRNA,OZ364715.1,100.0,20,0,0,1,20,21881419,21881438,56.0,40.1
top_siRNA,OZ364715.1,100.0,19,0,0,22,40,21881437,21881419,220.0,38.2
top_siRNA,OZ364715.1,100.0,18,0,0,10,27,5966423,5966406,871.0,36.2
top_siRNA,OZ363801.1,95.833,24,1,0,3,26,52005525,52005548,56.0,40.1
top_siRNA,OZ360729.1,100.0,20,0,0,8,27,1774981,1775000,56.0,40.1
top_siRNA,OZ360194.1,100.0,20,0,0,1,20,1014392,1014411,56.0,40.1
top_siRNA,OZ360194.1,100.0,19,0,0,22,40,1014410,1014392,220.0,38.2
top_siRNA,OZ351865.1,100.0,20,0,0,8,27,17736718,17736737,56.0,40.1
top_siRNA,OZ349751.1,100.0,20,0,0,21,40,18982394,18982413,56.0,40.1
top_siRNA,OZ349751.1,100.0,19,0,0,1,19,18982413,18982395,220.0,38.2
top_siRNA,OZ350407.1,95.833,24,1,0,14,37,2340244,2340267,56.0,40.1
top_siRNA,OZ349148.1,100.0,20,0,0,8,27,10365485,10365504,56.0,40.1
top_siRNA,OZ349031.1,100.0,20,0,0,8,27,53661623,53661642,56.0,40.1
top_siRNA,OZ346518.1,100.0,20,0,0,10,29,23140424,23140443,56.0,40.1
top_siRNA,OZ346080.1,100.0,20,0,0,13,32,19663623,19663642,56.0,40.1
top_siRNA,OZ337466.1,100.0,20,0,0,16,35,9021854,9021873,56.0,40.1
top_siRNA,OZ336043.1,100.0,20,0,0,9,28,30787935,30787954,56.0,40.1
top_siRNA,OZ336043.1,95.455,22,1,0,13,34,33067416,33067395,871.0,36.2
top_siRNA,OZ336041.1,100.0,20,0,0,9,28,29626182,29626201,56.0,40.1
top_siRNA,OZ336041.1,95.455,22,1,0,13,34,32030720,32030699,871.0,36.2
top_siRNA,OZ336015.1,100.0,20,0,0,9,28,33531474,33531493,56.0,40.1
top_siRNA,OZ336015.1,95.455,22,1,0,13,34,35852036,35852015,871.0,36.2
top_siRNA,OZ336013.1,100.0,20,0,0,9,28,29920668,29920687,56.0,40.1
top_siRNA,OZ336013.1,95.455,22,1,0,13,34,32328487,32328466,871.0,36.2
top_siRNA,OZ321020.1,100.0,20,0,0,3,22,5910295,5910314,56.0,40.1
top_siRNA,AP046027.1,100.0,20,0,0,23,42,3868768,3868787,56.0,40.1
top_siRNA,AP046027.1,100.0,18,0,0,1,18,3868785,3868768,871.0,36.2
top_siRNA,AP045999.1,100.0,20,0,0,23,42,3888496,3888515,56.0,40.1
top_siRNA,AP045999.1,100.0,18,0,0,1,18,3888513,3888496,871.0,36.2
top_siRNA,OZ296706.2,95.833,24,1,0,8,31,27042817,27042840,56.0,40.1
top_siRNA,OZ296706.2,100.0,18,0,0,3,20,23366046,23366029,871.0,36.2
top_siRNA,OZ453123.1,100.0,20,0,0,14,33,31139967,31139986,56.0,40.1
top_siRNA,OZ418600.1,100.0,20,0,0,10,29,46397633,46397652,56.0,40.1
top_siRNA,OZ417687.1,100.0,20,0,0,8,27,18098233,18098252,56.0,40.1
top_siRNA,OZ416015.1,100.0,20,0,0,9,28,12268677,12268696,56.0,40.1
top_siRNA,OZ415874.1,100.0,20,0,0,1,20,17379836,17379855,56.0,40.1
top_siRNA,OZ415874.1,100.0,19,0,0,22,40,17379854,17379836,220.0,38.2
top_siRNA,OZ415516.1,100.0,20,0,0,8,27,18557651,18557670,56.0,40.1
top_siRNA,OZ412700.1,100.0,20,0,0,16,35,3029066,3029085,56.0,40.1
top_siRNA,OZ409915.1,100.0,20,0,0,15,34,35913092,35913111,56.0,40.1
top_siRNA,OZ390493.1,95.833,24,1,0,13,36,25979634,25979657,56.0,40.1
top_siRNA,OZ390173.1,95.833,24,1,0,9,32,20844716,20844739,56.0,40.1
top_siRNA,OZ389504.1,100.0,20,0,0,5,24,56468641,56468660,56.0,40.1
top_siRNA,OZ377803.1,100.0,20,0,0,18,37,7070375,7070394,56.0,40.1
top_siRNA,OZ377802.1,100.0,20,0,0,4,23,14992339,14992358,56.0,40.1
top_siRNA,OZ377320.1,100.0,20,0,0,2,21,4270214,4270233,56.0,40.1
top_siRNA,OZ377320.1,100.0,18,0,0,22,39,4270231,4270214,871.0,36.2
top_siRNA,OZ377148.1,100.0,20,0,0,1,20,2409266,2409285,56.0,40.1
top_siRNA,OZ377148.1,100.0,19,0,0,22,40,2409284,2409266,220.0,38.2
top_siRNA,OZ376699.1,95.833,24,1,0,11,34,19096623,19096646,56.0,40.1
top_siRNA,OZ375492.1,100.0,20,0,0,17,36,42306580,42306599,56.0,40.1
top_siRNA,OZ374924.1,100.0,20,0,0,14,33,13250999,13251018,56.0,40.1
top_siRNA,OZ372430.1,95.833,24,1,0,14,37,20523892,20523915,56.0,40.1
top_siRNA,OZ372427.1,95.833,24,1,0,13,36,6269929,6269952,56.0,40.1
top_siRNA,OZ372420.1,100.0,20,0,0,14,33,20403205,20403224,56.0,40.1
top_siRNA,OZ372419.1,100.0,20,0,0,18,37,26435253,26435272,56.0,40.1
top_siRNA,OZ372419.1,95.455,22,1,0,15,36,23665258,23665237,871.0,36.2
top_siRNA,OZ371933.1,100.0,20,0,0,8,27,23691776,23691795,56.0,40.1
top_siRNA,OZ207543.2,100.0,20,0,0,8,27,37858440,37858459,56.0,40.1
top_siRNA,OZ207543.2,100.0,18,0,0,25,42,34175955,34175972,871.0,36.2
top_siRNA,OZ348552.1,100.0,20,0,0,8,27,12596319,12596338,56.0,40.1
top_siRNA,OZ348544.1,100.0,20,0,0,14,33,22546227,22546246,56.0,40.1
