Reference,Target_position,Target_sequence,Functional_score,Guide,Passenger,Tm_guide,Tm_passenger,Tm_difference,Accessibility,Final_score
NM_000600.5,526-548,CAGAAAAAGGCAAAGAATCTAGA,"UAGAUUCUUUGCCUUUUUCUG
GAAAAAGGCAAAGAAUCUAGA",U,,19.1,9.5,9.6,1,10.76
NM_000600.5,909-931,ACCACTTGAAACATTTTATGTAT,"ACAUAAAAUGUUUCAAGUGGU
CACUUGAAACAUUUUAUGUAU",U,,1.4,19.2,17.8,0,10.68
NM_000600.5,159-181,AGGAGAAGATTCCAAAGATGTAG,"ACAUCUUUGGAAUCUUCUCCU
GAGAAGAUUCCAAAGAUGUAG",U,,12.0,19.1,7.100000000000001,1,9.260000000000002
NM_000600.5,869-891,GAGTTAATTTATGTAAGTCATAT,"AUGACUUACAUAAAUUAACUC
GUUAAUUUAUGUAAGUCAUAU",U,,20.3,9.7,10.6,0,6.359999999999999
NM_000600.5,1031-1053,TGGCTAACTTATACATATTTTTA,"AAAAUAUGUAUAAGUUAGCCA
GCUAACUUAUACAUAUUUUUA",U,,1.8,9.8,8.0,0,4.8
NM_000600.5,339-361,TCCAAAGATGGCTGAAAAAGATG,"UCUUUUUCAGCCAUCUUUGGA
CAAAGAUGGCUGAAAAAGAUG",U,,5.5,12.0,6.5,0,3.9
NM_000600.5,911-933,CACTTGAAACATTTTATGTATTA,"AUACAUAAAAUGUUUCAAGUG
CUUGAAACAUUUUAUGUAUUA",U,,8.5,14.9,6.4,0,3.84
NM_000600.5,710-732,ACCTCAGATTGTTGTTGTTAATG,"UUAACAACAACAAUCUGAGGU
CUCAGAUUGUUGUUGUUAAUG",U,,14.7,20.4,5.699999999999999,0,3.4199999999999995
NM_000600.5,918-940,AACATTTTATGTATTAGTTTTGA,"AAAACUAAUACAUAAAAUGUU
CAUUUUAUGUAUUAGUUUUGA",U,,4.9,10.3,5.4,0,3.24
NM_000600.5,273-295,GACATGTAACAAGAGTAACATGT,"AUGUUACUCUUGUUACAUGUC
CAUGUAACAAGAGUAACAUGU",U,,19.0,14.6,4.4,0,2.64
NM_000600.5,364-386,TGCTTCCAATCTGGATTCAATGA,"AUUGAAUCCAGAUUGGAAGCA
CUUCCAAUCUGGAUUCAAUGA",U,,16.3,20.1,3.8000000000000007,0,2.28
NM_000600.5,968-990,TTGAATATCCTTTGTTTCAGAGC,"UCUGAAACAAAGGAUAUUCAA
GAAUAUCCUUUGUUUCAGAGC",U,,19.2,15.4,3.799999999999999,0,2.2799999999999994
NM_000600.5,1032-1054,GGCTAACTTATACATATTTTTAA,"AAAAAUAUGUAUAAGUUAGCC
CUAACUUAUACAUAUUUUUAA",U,,10.3,6.6,3.700000000000001,0,2.2200000000000006
NM_000600.5,1089-1111,ATGGTTTTTATACCAATAAATGG,"AUUUAUUGGUAUAAAAACCAU
GGUUUUUAUACCAAUAAAUGG",U,,1.4,0.0,1.4,0,0.84
NM_000600.5,783-805,TTGTTCTCTATGGAGAACTAAAA,"UUAGUUCUCCAUAGAGAACAA
GUUCUCUAUGGAGAACUAAAA",U,,18.9,20.2,1.3000000000000007,0,0.7800000000000004
NM_000600.5,625-647,GACATGACAACTCATCTCATTCT,"AAUGAGAUGAGUUGUCAUGUC
CAUGACAACUCAUCUCAUUCU",U,,20.4,20.5,0.1000000000000014,0,0.0600000000000008
NM_000600.5,1099-1121,TACCAATAAATGGCATTTTAAAA,"UUAAAAUGCCAUUUAUUGGUA
CCAAUAAAUGGCAUUUUAAAA",U,,1.4,1.4,0.0,0,0.0
NM_000600.5,979-1001,TTGTTTCAGAGCCAGATCATTTC,"AAUGAUCUGGCUCUGAAACAA
GUUUCAGAGCCAGAUCAUUUC",U,,20.4,20.4,0.0,0,0.0
