Reference,Target_position,Target_sequence,Functional_score,Guide,Passenger,Tm_guide,Tm_passenger,Tm_difference
NM_000600.5,979-1001,TTGTTTCAGAGCCAGATCATTTC,"AAUGAUCUGGCUCUGAAACAA
GUUUCAGAGCCAGAUCAUUUC",U,,20.4,20.4,0.0
NM_000600.5,1099-1121,TACCAATAAATGGCATTTTAAAA,"UUAAAAUGCCAUUUAUUGGUA
CCAAUAAAUGGCAUUUUAAAA",U,,1.4,1.4,0.0
NM_000600.5,625-647,GACATGACAACTCATCTCATTCT,"AAUGAGAUGAGUUGUCAUGUC
CAUGACAACUCAUCUCAUUCU",U,,20.4,20.5,0.10000000000000142
NM_000600.5,783-805,TTGTTCTCTATGGAGAACTAAAA,"UUAGUUCUCCAUAGAGAACAA
GUUCUCUAUGGAGAACUAAAA",U,,18.9,20.2,1.3000000000000007
NM_000600.5,1089-1111,ATGGTTTTTATACCAATAAATGG,"AUUUAUUGGUAUAAAAACCAU
GGUUUUUAUACCAAUAAAUGG",U,,1.4,0.0,1.4
NM_000600.5,1032-1054,GGCTAACTTATACATATTTTTAA,"AAAAAUAUGUAUAAGUUAGCC
CUAACUUAUACAUAUUUUUAA",U,,10.3,6.6,3.700000000000001
NM_000600.5,968-990,TTGAATATCCTTTGTTTCAGAGC,"UCUGAAACAAAGGAUAUUCAA
GAAUAUCCUUUGUUUCAGAGC",U,,19.2,15.4,3.799999999999999
NM_000600.5,364-386,TGCTTCCAATCTGGATTCAATGA,"AUUGAAUCCAGAUUGGAAGCA
CUUCCAAUCUGGAUUCAAUGA",U,,16.3,20.1,3.8000000000000007
NM_000600.5,273-295,GACATGTAACAAGAGTAACATGT,"AUGUUACUCUUGUUACAUGUC
CAUGUAACAAGAGUAACAUGU",U,,19.0,14.6,4.4
NM_000600.5,918-940,AACATTTTATGTATTAGTTTTGA,"AAAACUAAUACAUAAAAUGUU
CAUUUUAUGUAUUAGUUUUGA",U,,4.9,10.3,5.4
NM_000600.5,710-732,ACCTCAGATTGTTGTTGTTAATG,"UUAACAACAACAAUCUGAGGU
CUCAGAUUGUUGUUGUUAAUG",U,,14.7,20.4,5.699999999999999
NM_000600.5,911-933,CACTTGAAACATTTTATGTATTA,"AUACAUAAAAUGUUUCAAGUG
CUUGAAACAUUUUAUGUAUUA",U,,8.5,14.9,6.4
NM_000600.5,339-361,TCCAAAGATGGCTGAAAAAGATG,"UCUUUUUCAGCCAUCUUUGGA
CAAAGAUGGCUGAAAAAGAUG",U,,5.5,12.0,6.5
NM_000600.5,159-181,AGGAGAAGATTCCAAAGATGTAG,"ACAUCUUUGGAAUCUUCUCCU
GAGAAGAUUCCAAAGAUGUAG",U,,12.0,19.1,7.100000000000001
NM_000600.5,1031-1053,TGGCTAACTTATACATATTTTTA,"AAAAUAUGUAUAAGUUAGCCA
GCUAACUUAUACAUAUUUUUA",U,,1.8,9.8,8.0
NM_000600.5,526-548,CAGAAAAAGGCAAAGAATCTAGA,"UAGAUUCUUUGCCUUUUUCUG
GAAAAAGGCAAAGAAUCUAGA",U,,19.1,9.5,9.600000000000001
NM_000600.5,110,120,130,140,150,160.0,170.0,10.0
NM_000600.5,210,220,230,240,250,260.0,270.0,10.0
NM_000600.5,310,320,330,340,350,360.0,370.0,10.0
NM_000600.5,410,420,430,440,450,460.0,470.0,10.0
NM_000600.5,510,520,530,540,550,560.0,570.0,10.0
NM_000600.5,610,620,630,640,650,660.0,670.0,10.0
NM_000600.5,710,720,730,740,750,760.0,770.0,10.0
NM_000600.5,810,820,830,840,850,860.0,870.0,10.0
NM_000600.5,910,920,930,940,950,960.0,970.0,10.0
NM_000600.5,1010,1020,1030,1040,1050,1060.0,1070.0,10.0
NM_000600.5,869-891,GAGTTAATTTATGTAAGTCATAT,"AUGACUUACAUAAAUUAACUC
GUUAAUUUAUGUAAGUCAUAU",U,,20.3,9.7,10.600000000000001
NM_000600.5,909-931,ACCACTTGAAACATTTTATGTAT,"ACAUAAAAUGUUUCAAGUGGU
CACUUGAAACAUUUUAUGUAU",U,,1.4,19.2,17.8
NM_000600.5,A,T,T,C,T,,,
NM_000600.5,C,C,T,T,C,,,
NM_000600.5,A,C,T,C,A,,,
NM_000600.5,A,G,C,A,G,,,
NM_000600.5,T,G,A,A,A,,,
NM_000600.5,T,A,C,A,A,,,
NM_000600.5,C,A,G,G,C,,,
NM_000600.5,A,G,C,A,T,,,
NM_000600.5,T,A,A,A,A,,,
NM_000600.5,T,A,A,G,A,,,
NM_000600.5,C,T,T,G,G,,,
NM_000600.5,C,C,A,A,T,,,
