Reference,Target_position,Target_sequence,Functional_score,Guide,Passenger,Tm_guide,Tm_passenger
NM_000600.5,159-181,AGGAGAAGATTCCAAAGATGTAG,"ACAUCUUUGGAAUCUUCUCCU
GAGAAGAUUCCAAAGAUGUAG",U,,12.0 °C,19.1 °C
NM_000600.5,273-295,GACATGTAACAAGAGTAACATGT,"AUGUUACUCUUGUUACAUGUC
CAUGUAACAAGAGUAACAUGU",U,,19.0 °C,14.6 °C
NM_000600.5,339-361,TCCAAAGATGGCTGAAAAAGATG,"UCUUUUUCAGCCAUCUUUGGA
CAAAGAUGGCUGAAAAAGAUG",U,,5.5 °C,12.0 °C
NM_000600.5,364-386,TGCTTCCAATCTGGATTCAATGA,"AUUGAAUCCAGAUUGGAAGCA
CUUCCAAUCUGGAUUCAAUGA",U,,16.3 °C,20.1 °C
NM_000600.5,526-548,CAGAAAAAGGCAAAGAATCTAGA,"UAGAUUCUUUGCCUUUUUCUG
GAAAAAGGCAAAGAAUCUAGA",U,,19.1 °C,9.5 °C
NM_000600.5,625-647,GACATGACAACTCATCTCATTCT,"AAUGAGAUGAGUUGUCAUGUC
CAUGACAACUCAUCUCAUUCU",U,,20.4 °C,20.5 °C
NM_000600.5,710-732,ACCTCAGATTGTTGTTGTTAATG,"UUAACAACAACAAUCUGAGGU
CUCAGAUUGUUGUUGUUAAUG",U,,14.7 °C,20.4 °C
NM_000600.5,783-805,TTGTTCTCTATGGAGAACTAAAA,"UUAGUUCUCCAUAGAGAACAA
GUUCUCUAUGGAGAACUAAAA",U,,18.9 °C,20.2 °C
NM_000600.5,869-891,GAGTTAATTTATGTAAGTCATAT,"AUGACUUACAUAAAUUAACUC
GUUAAUUUAUGUAAGUCAUAU",U,,20.3 °C,-9.7 °C
NM_000600.5,909-931,ACCACTTGAAACATTTTATGTAT,"ACAUAAAAUGUUUCAAGUGGU
CACUUGAAACAUUUUAUGUAU",U,,-1.4 °C,19.2 °C
NM_000600.5,911-933,CACTTGAAACATTTTATGTATTA,"AUACAUAAAAUGUUUCAAGUG
CUUGAAACAUUUUAUGUAUUA",U,,8.5 °C,14.9 °C
NM_000600.5,918-940,AACATTTTATGTATTAGTTTTGA,"AAAACUAAUACAUAAAAUGUU
CAUUUUAUGUAUUAGUUUUGA",U,,4.9 °C,-10.3 °C
NM_000600.5,968-990,TTGAATATCCTTTGTTTCAGAGC,"UCUGAAACAAAGGAUAUUCAA
GAAUAUCCUUUGUUUCAGAGC",U,,19.2 °C,15.4 °C
NM_000600.5,979-1001,TTGTTTCAGAGCCAGATCATTTC,"AAUGAUCUGGCUCUGAAACAA
GUUUCAGAGCCAGAUCAUUUC",U,,20.4 °C,20.4 °C
NM_000600.5,1031-1053,TGGCTAACTTATACATATTTTTA,"AAAAUAUGUAUAAGUUAGCCA
GCUAACUUAUACAUAUUUUUA",U,,-1.8 °C,9.8 °C
NM_000600.5,1032-1054,GGCTAACTTATACATATTTTTAA,"AAAAAUAUGUAUAAGUUAGCC
CUAACUUAUACAUAUUUUUAA",U,,-10.3 °C,6.6 °C
NM_000600.5,1089-1111,ATGGTTTTTATACCAATAAATGG,"AUUUAUUGGUAUAAAAACCAU
GGUUUUUAUACCAAUAAAUGG",U,,-1.4 °C,0.0 °C
NM_000600.5,1099-1121,TACCAATAAATGGCATTTTAAAA,"UUAAAAUGCCAUUUAUUGGUA
CCAAUAAAUGGCAUUUUAAAA",U,,-1.4 °C,-1.4 °C
NM_000600.5,A,T,T,C,T,G,C
NM_000600.5,110,120,130,140,150,160,170
NM_000600.5,C,C,T,T,C,T,C
NM_000600.5,210,220,230,240,250,260,270
NM_000600.5,A,C,T,C,A,C,C
NM_000600.5,310,320,330,340,350,360,370
NM_000600.5,A,G,C,A,G,C,A
NM_000600.5,410,420,430,440,450,460,470
NM_000600.5,T,G,A,A,A,A,T
NM_000600.5,510,520,530,540,550,560,570
NM_000600.5,T,A,C,A,A,A,A
NM_000600.5,610,620,630,640,650,660,670
NM_000600.5,C,A,G,G,C,A,C
NM_000600.5,710,720,730,740,750,760,770
NM_000600.5,A,G,C,A,T,G,G
NM_000600.5,810,820,830,840,850,860,870
NM_000600.5,T,A,A,A,A,G,T
NM_000600.5,910,920,930,940,950,960,970
NM_000600.5,T,A,A,G,A,A,G
NM_000600.5,1010,1020,1030,1040,1050,1060,1070
NM_000600.5,C,T,T,G,G,A,A
NM_000600.5,C,C,A,A,T,A,A
